email,datetime,device_id,bac_level,TAC LSB,TAC ug/L(air),Motion,Temperature C,Firmware Version
dfridberg@yoda.bsd.uchicago.edu,5/4/21 20:09,20-3AC-0-00748,,484,8.52,0.192,19.73,2.0.8
dfridberg@yoda.bsd.uchicago.edu,5/4/21 20:10,20-3AC-0-00748,,710,47.02,0.192,23.58,2.0.8
dfridberg@yoda.bsd.uchicago.edu,5/4/21 20:11,20-3AC-0-00748,,528,16.01,0.128,26.24,2.0.8
dfridberg@yoda.bsd.uchicago.edu,5/4/21 20:12,20-3AC-0-00748,,523,15.16,0.064,27.59,2.0.8
dfridberg@yoda.bsd.uchicago.edu,5/4/21 20:13,20-3AC-0-00748,,517,14.14,0.128,28.55,2.0.8
dfridberg@yoda.bsd.uchicago.edu,5/4/21 20:14,20-3AC-0-00748,,594,27.26,0.064,29.29,2.0.8
dfridberg@yoda.bsd.uchicago.edu,5/4/21 20:15,20-3AC-0-00748,,640,35.1,0.128,29.63,2.0.8
dfridberg@yoda.bsd.uchicago.edu,5/4/21 20:16,20-3AC-0-00748,,648,36.46,0.128,30.13,2.0.8
dfridberg@yoda.bsd.uchicago.edu,5/4/21 20:17,20-3AC-0-00748,,600,28.28,0.128,30.3,2.0.8
dfridberg@yoda.bsd.uchicago.edu,5/4/21 20:18,20-3AC-0-00748,,588,26.24,0.128,30.36,2.0.8
dfridberg@yoda.bsd.uchicago.edu,5/4/21 20:19,20-3AC-0-00748,,623,32.2,0.128,30.3,2.0.8
dfridberg@yoda.bsd.uchicago.edu,5/4/21 20:20,20-3AC-0-00748,,559,21.3,0.128,30.13,2.0.8
dfridberg@yoda.bsd.uchicago.edu,5/4/21 20:21,20-3AC-0-00748,,564,22.15,0.128,30.13,2.0.8
dfridberg@yoda.bsd.uchicago.edu,5/4/21 20:22,20-3AC-0-00748,,563,21.98,0.064,30.02,2.0.8
dfridberg@yoda.bsd.uchicago.edu,5/4/21 20:23,20-3AC-0-00748,,843,69.68,0.064,30.08,2.0.8
dfridberg@yoda.bsd.uchicago.edu,5/4/21 20:24,20-3AC-0-00748,,710,47.02,0.064,30.36,2.0.8
dfridberg@yoda.bsd.uchicago.edu,5/4/21 20:25,20-3AC-0-00748,,639,34.93,0.064,30.64,2.0.8
dfridberg@yoda.bsd.uchicago.edu,5/4/21 20:26,20-3AC-0-00748,,588,26.24,0.128,30.53,2.0.8
dfridberg@yoda.bsd.uchicago.edu,5/4/21 20:27,20-3AC-0-00748,,753,54.35,0.064,30.75,2.0.8
dfridberg@yoda.bsd.uchicago.edu,5/4/21 20:28,20-3AC-0-00748,,778,58.61,0.064,31.09,2.0.8
dfridberg@yoda.bsd.uchicago.edu,5/4/21 20:29,20-3AC-0-00748,,794,61.33,0,31.43,2.0.8
dfridberg@yoda.bsd.uchicago.edu,5/4/21 20:30,20-3AC-0-00748,,781,59.12,0.064,31.77,2.0.8
dfridberg@yoda.bsd.uchicago.edu,5/4/21 20:31,20-3AC-0-00748,,757,55.03,0,31.94,2.0.8
dfridberg@yoda.bsd.uchicago.edu,5/4/21 20:32,20-3AC-0-00748,,732,50.77,0.192,31.88,2.0.8
dfridberg@yoda.bsd.uchicago.edu,5/4/21 20:33,20-3AC-0-00748,,709,46.85,0.064,31.88,2.0.8
dfridberg@yoda.bsd.uchicago.edu,5/4/21 20:34,20-3AC-0-00748,,718,48.39,0,31.99,2.0.8
dfridberg@yoda.bsd.uchicago.edu,5/4/21 20:35,20-3AC-0-00748,,791,60.82,0.064,32.16,2.0.8
dfridberg@yoda.bsd.uchicago.edu,5/4/21 20:36,20-3AC-0-00748,,775,58.1,0.128,32.05,2.0.8
dfridberg@yoda.bsd.uchicago.edu,5/4/21 20:37,20-3AC-0-00748,,695,44.47,0.064,31.66,2.0.8
dfridberg@yoda.bsd.uchicago.edu,5/4/21 20:38,20-3AC-0-00748,,666,39.53,0.064,31.83,2.0.8
dfridberg@yoda.bsd.uchicago.edu,5/4/21 20:39,20-3AC-0-00748,,671,40.38,0,31.94,2.0.8
dfridberg@yoda.bsd.uchicago.edu,5/4/21 20:40,20-3AC-0-00748,,662,38.84,0.064,32.05,2.0.8
dfridberg@yoda.bsd.uchicago.edu,5/4/21 20:41,20-3AC-0-00748,,664,39.19,0.064,31.88,2.0.8
dfridberg@yoda.bsd.uchicago.edu,5/4/21 20:42,20-3AC-0-00748,,653,37.31,0,31.77,2.0.8
dfridberg@yoda.bsd.uchicago.edu,5/4/21 20:43,20-3AC-0-00748,,673,40.72,0.128,31.66,2.0.8
dfridberg@yoda.bsd.uchicago.edu,5/4/21 20:44,20-3AC-0-00748,,667,39.7,0.128,31.66,2.0.8
dfridberg@yoda.bsd.uchicago.edu,5/4/21 20:45,20-3AC-0-00748,,675,41.06,0.064,31.99,2.0.8
dfridberg@yoda.bsd.uchicago.edu,5/4/21 20:46,20-3AC-0-00748,,678,41.57,0.064,31.88,2.0.8
dfridberg@yoda.bsd.uchicago.edu,5/4/21 20:47,20-3AC-0-00748,,644,35.78,0.064,31.09,2.0.8
dfridberg@yoda.bsd.uchicago.edu,5/4/21 20:48,20-3AC-0-00748,,623,32.2,0.128,30.92,2.0.8
dfridberg@yoda.bsd.uchicago.edu,5/4/21 20:49,20-3AC-0-00748,,612,30.33,0,30.64,2.0.8
dfridberg@yoda.bsd.uchicago.edu,5/4/21 20:50,20-3AC-0-00748,,632,33.73,0.128,30.92,2.0.8
dfridberg@yoda.bsd.uchicago.edu,5/4/21 20:51,20-3AC-0-00748,,639,34.93,0.128,31.04,2.0.8
dfridberg@yoda.bsd.uchicago.edu,5/4/21 20:52,20-3AC-0-00748,,641,35.27,0.064,30.7,2.0.8
dfridberg@yoda.bsd.uchicago.edu,5/4/21 20:53,20-3AC-0-00748,,651,36.97,0.064,30.7,2.0.8
dfridberg@yoda.bsd.uchicago.edu,5/4/21 20:54,20-3AC-0-00748,,642,35.44,0.064,31.04,2.0.8
dfridberg@yoda.bsd.uchicago.edu,5/4/21 20:55,20-3AC-0-00748,,686,42.93,0.128,31.37,2.0.8
dfridberg@yoda.bsd.uchicago.edu,5/4/21 20:56,20-3AC-0-00748,,695,44.47,0.064,31.09,2.0.8
dfridberg@yoda.bsd.uchicago.edu,5/4/21 20:57,20-3AC-0-00748,,686,42.93,0.064,30.87,2.0.8
dfridberg@yoda.bsd.uchicago.edu,5/4/21 20:58,20-3AC-0-00748,,679,41.74,0.064,30.7,2.0.8
dfridberg@yoda.bsd.uchicago.edu,5/4/21 20:59,20-3AC-0-00748,,665,39.36,0.064,30.19,2.0.8
dfridberg@yoda.bsd.uchicago.edu,5/4/21 21:00,20-3AC-0-00748,,675,41.06,0.064,30.02,2.0.8
dfridberg@yoda.bsd.uchicago.edu,5/4/21 21:01,20-3AC-0-00748,,670,40.21,0.064,30.47,2.0.8
dfridberg@yoda.bsd.uchicago.edu,5/4/21 21:02,20-3AC-0-00748,,670,40.21,0.064,30.53,2.0.8
dfridberg@yoda.bsd.uchicago.edu,5/4/21 21:03,20-3AC-0-00748,,656,37.82,0,30.59,2.0.8
dfridberg@yoda.bsd.uchicago.edu,5/4/21 21:04,20-3AC-0-00748,,659,38.33,0.064,30.92,2.0.8
dfridberg@yoda.bsd.uchicago.edu,5/4/21 21:05,20-3AC-0-00748,,658,38.16,0.064,31.15,2.0.8
dfridberg@yoda.bsd.uchicago.edu,5/4/21 21:06,20-3AC-0-00748,,659,38.33,0,31.32,2.0.8
dfridberg@yoda.bsd.uchicago.edu,5/4/21 21:07,20-3AC-0-00748,,647,36.29,0.064,31.6,2.0.8
dfridberg@yoda.bsd.uchicago.edu,5/4/21 21:08,20-3AC-0-00748,,674,40.89,0.064,31.6,2.0.8
dfridberg@yoda.bsd.uchicago.edu,5/4/21 21:09,20-3AC-0-00748,,676,41.23,0,31.77,2.0.8
dfridberg@yoda.bsd.uchicago.edu,5/4/21 21:10,20-3AC-0-00748,,676,41.23,0.064,32.11,2.0.8
dfridberg@yoda.bsd.uchicago.edu,5/4/21 21:11,20-3AC-0-00748,,641,35.27,0,31.99,2.0.8
dfridberg@yoda.bsd.uchicago.edu,5/4/21 21:12,20-3AC-0-00748,,625,32.54,0,32.16,2.0.8
dfridberg@yoda.bsd.uchicago.edu,5/4/21 21:13,20-3AC-0-00748,,624,32.37,0,32.16,2.0.8
dfridberg@yoda.bsd.uchicago.edu,5/4/21 21:14,20-3AC-0-00748,,688,43.27,0.064,32.16,2.0.8
dfridberg@yoda.bsd.uchicago.edu,5/4/21 21:15,20-3AC-0-00748,,683,42.42,0,32.28,2.0.8
dfridberg@yoda.bsd.uchicago.edu,5/4/21 21:16,20-3AC-0-00748,,635,34.24,0,32.67,2.0.8
dfridberg@yoda.bsd.uchicago.edu,5/4/21 21:17,20-3AC-0-00748,,681,42.08,0.128,32.67,2.0.8
dfridberg@yoda.bsd.uchicago.edu,5/4/21 21:18,20-3AC-0-00748,,682,42.25,0.064,32.28,2.0.8
dfridberg@yoda.bsd.uchicago.edu,5/4/21 21:19,20-3AC-0-00748,,670,40.21,0.064,31.99,2.0.8
dfridberg@yoda.bsd.uchicago.edu,5/4/21 21:20,20-3AC-0-00748,,668,39.87,0.064,31.99,2.0.8
dfridberg@yoda.bsd.uchicago.edu,5/4/21 21:21,20-3AC-0-00748,,675,41.06,0,31.94,2.0.8
dfridberg@yoda.bsd.uchicago.edu,5/4/21 21:22,20-3AC-0-00748,,666,39.53,0,32.11,2.0.8
dfridberg@yoda.bsd.uchicago.edu,5/4/21 21:23,20-3AC-0-00748,,686,42.93,0.064,32.11,2.0.8
dfridberg@yoda.bsd.uchicago.edu,5/4/21 21:24,20-3AC-0-00748,,685,42.76,0,31.99,2.0.8
dfridberg@yoda.bsd.uchicago.edu,5/4/21 21:25,20-3AC-0-00748,,683,42.42,0,31.88,2.0.8
dfridberg@yoda.bsd.uchicago.edu,5/4/21 21:26,20-3AC-0-00748,,725,49.58,0.064,31.83,2.0.8
dfridberg@yoda.bsd.uchicago.edu,5/4/21 21:27,20-3AC-0-00748,,686,42.93,0,31.66,2.0.8
dfridberg@yoda.bsd.uchicago.edu,5/4/21 21:28,20-3AC-0-00748,,669,40.04,0.064,31.54,2.0.8
dfridberg@yoda.bsd.uchicago.edu,5/4/21 21:29,20-3AC-0-00748,,653,37.31,0.064,31.66,2.0.8
dfridberg@yoda.bsd.uchicago.edu,5/4/21 21:30,20-3AC-0-00748,,665,39.36,0.064,31.6,2.0.8
dfridberg@yoda.bsd.uchicago.edu,5/4/21 21:31,20-3AC-0-00748,,649,36.63,0.064,31.26,2.0.8
dfridberg@yoda.bsd.uchicago.edu,5/4/21 21:32,20-3AC-0-00748,,644,35.78,0.064,30.98,2.0.8
dfridberg@yoda.bsd.uchicago.edu,5/4/21 21:33,20-3AC-0-00748,,594,27.26,0,31.09,2.0.8
dfridberg@yoda.bsd.uchicago.edu,5/4/21 21:34,20-3AC-0-00748,,603,28.79,0.064,31.54,2.0.8
dfridberg@yoda.bsd.uchicago.edu,5/4/21 21:35,20-3AC-0-00748,,652,37.14,0.064,31.83,2.0.8
dfridberg@yoda.bsd.uchicago.edu,5/4/21 21:36,20-3AC-0-00748,,674,40.89,0,31.71,2.0.8
dfridberg@yoda.bsd.uchicago.edu,5/4/21 21:37,20-3AC-0-00748,,666,39.53,0.064,31.66,2.0.8
dfridberg@yoda.bsd.uchicago.edu,5/4/21 21:38,20-3AC-0-00748,,669,40.04,0.064,31.71,2.0.8
dfridberg@yoda.bsd.uchicago.edu,5/4/21 21:39,20-3AC-0-00748,,632,33.73,0,31.83,2.0.8
dfridberg@yoda.bsd.uchicago.edu,5/4/21 21:40,20-3AC-0-00748,,666,39.53,0.064,31.88,2.0.8
dfridberg@yoda.bsd.uchicago.edu,5/4/21 21:41,20-3AC-0-00748,,662,38.84,0,31.83,2.0.8
dfridberg@yoda.bsd.uchicago.edu,5/4/21 21:42,20-3AC-0-00748,,665,39.36,0.064,31.77,2.0.8
dfridberg@yoda.bsd.uchicago.edu,5/4/21 21:43,20-3AC-0-00748,,661,38.67,0.064,31.71,2.0.8
dfridberg@yoda.bsd.uchicago.edu,5/4/21 21:44,20-3AC-0-00748,,657,37.99,0.064,31.54,2.0.8
dfridberg@yoda.bsd.uchicago.edu,5/4/21 21:45,20-3AC-0-00748,,650,36.8,0,31.43,2.0.8
dfridberg@yoda.bsd.uchicago.edu,5/4/21 21:46,20-3AC-0-00748,,650,36.8,0.064,31.49,2.0.8
dfridberg@yoda.bsd.uchicago.edu,5/4/21 21:47,20-3AC-0-00748,,633,33.9,0,31.15,2.0.8
dfridberg@yoda.bsd.uchicago.edu,5/4/21 21:48,20-3AC-0-00748,,615,30.84,0.064,30.53,2.0.8
dfridberg@yoda.bsd.uchicago.edu,5/4/21 21:49,20-3AC-0-00748,,596,27.6,0.064,30.36,2.0.8
dfridberg@yoda.bsd.uchicago.edu,5/4/21 21:50,20-3AC-0-00748,,571,23.34,0.064,30.42,2.0.8
dfridberg@yoda.bsd.uchicago.edu,5/4/21 21:51,20-3AC-0-00748,,512,13.29,0.064,30.25,2.0.8
dfridberg@yoda.bsd.uchicago.edu,5/4/21 21:52,20-3AC-0-00748,,564,22.15,0.064,30.02,2.0.8
dfridberg@yoda.bsd.uchicago.edu,5/4/21 21:53,20-3AC-0-00748,,604,28.96,0.128,29.51,2.0.8
dfridberg@yoda.bsd.uchicago.edu,5/4/21 21:54,20-3AC-0-00748,,567,22.66,0.128,29.4,2.0.8
dfridberg@yoda.bsd.uchicago.edu,5/4/21 21:55,20-3AC-0-00748,,562,21.81,0.064,29.29,2.0.8
dfridberg@yoda.bsd.uchicago.edu,5/4/21 21:56,20-3AC-0-00748,,570,23.17,0,29.34,2.0.8
dfridberg@yoda.bsd.uchicago.edu,5/4/21 21:57,20-3AC-0-00748,,588,26.24,0,29.8,2.0.8
dfridberg@yoda.bsd.uchicago.edu,5/4/21 21:58,20-3AC-0-00748,,607,29.47,0,30.13,2.0.8
dfridberg@yoda.bsd.uchicago.edu,5/4/21 21:59,20-3AC-0-00748,,619,31.52,0,30.59,2.0.8
dfridberg@yoda.bsd.uchicago.edu,5/4/21 22:00,20-3AC-0-00748,,627,32.88,0.064,31.04,2.0.8
dfridberg@yoda.bsd.uchicago.edu,5/4/21 22:01,20-3AC-0-00748,,637,34.59,0,31.54,2.0.8
dfridberg@yoda.bsd.uchicago.edu,5/4/21 22:02,20-3AC-0-00748,,649,36.63,0.064,31.66,2.0.8
dfridberg@yoda.bsd.uchicago.edu,5/4/21 22:03,20-3AC-0-00748,,642,35.44,0.064,31.54,2.0.8
dfridberg@yoda.bsd.uchicago.edu,5/4/21 22:04,20-3AC-0-00748,,646,36.12,0.064,30.98,2.0.8
dfridberg@yoda.bsd.uchicago.edu,5/4/21 22:05,20-3AC-0-00748,,621,31.86,0,30.98,2.0.8
dfridberg@yoda.bsd.uchicago.edu,5/4/21 22:06,20-3AC-0-00748,,626,32.71,0,31.09,2.0.8
dfridberg@yoda.bsd.uchicago.edu,5/4/21 22:07,20-3AC-0-00748,,623,32.2,0,31.15,2.0.8
dfridberg@yoda.bsd.uchicago.edu,5/4/21 22:08,20-3AC-0-00748,,627,32.88,0.064,31.15,2.0.8
dfridberg@yoda.bsd.uchicago.edu,5/4/21 22:09,20-3AC-0-00748,,609,29.81,0.064,30.98,2.0.8
dfridberg@yoda.bsd.uchicago.edu,5/4/21 22:10,20-3AC-0-00748,,585,25.73,0.064,30.81,2.0.8
dfridberg@yoda.bsd.uchicago.edu,5/4/21 22:11,20-3AC-0-00748,,601,28.45,0,30.7,2.0.8
dfridberg@yoda.bsd.uchicago.edu,5/4/21 22:12,20-3AC-0-00748,,616,31.01,0.064,30.59,2.0.8
dfridberg@yoda.bsd.uchicago.edu,5/4/21 22:13,20-3AC-0-00748,,607,29.47,0,30.25,2.0.8
dfridberg@yoda.bsd.uchicago.edu,5/4/21 22:14,20-3AC-0-00748,,602,28.62,0.064,29.96,2.0.8
dfridberg@yoda.bsd.uchicago.edu,5/4/21 22:15,20-3AC-0-00748,,603,28.79,0,29.96,2.0.8
dfridberg@yoda.bsd.uchicago.edu,5/4/21 22:16,20-3AC-0-00748,,589,26.41,0,29.51,2.0.8
dfridberg@yoda.bsd.uchicago.edu,5/4/21 22:17,20-3AC-0-00748,,580,24.87,0.064,29.34,2.0.8
dfridberg@yoda.bsd.uchicago.edu,5/4/21 22:18,20-3AC-0-00748,,595,27.43,0.064,29.57,2.0.8
dfridberg@yoda.bsd.uchicago.edu,5/4/21 22:19,20-3AC-0-00748,,599,28.11,0,29.46,2.0.8
dfridberg@yoda.bsd.uchicago.edu,5/4/21 22:20,20-3AC-0-00748,,598,27.94,0,29.68,2.0.8
dfridberg@yoda.bsd.uchicago.edu,5/4/21 22:21,20-3AC-0-00748,,604,28.96,0.064,29.34,2.0.8
dfridberg@yoda.bsd.uchicago.edu,5/4/21 22:22,20-3AC-0-00748,,591,26.75,0.064,29.4,2.0.8
dfridberg@yoda.bsd.uchicago.edu,5/4/21 22:23,20-3AC-0-00748,,595,27.43,0,29.74,2.0.8
dfridberg@yoda.bsd.uchicago.edu,5/4/21 22:24,20-3AC-0-00748,,593,27.09,0.064,29.91,2.0.8
dfridberg@yoda.bsd.uchicago.edu,5/4/21 22:25,20-3AC-0-00748,,593,27.09,0.064,29.96,2.0.8
dfridberg@yoda.bsd.uchicago.edu,5/4/21 22:26,20-3AC-0-00748,,603,28.79,0.128,30.02,2.0.8
dfridberg@yoda.bsd.uchicago.edu,5/4/21 22:27,20-3AC-0-00748,,602,28.62,0,30.13,2.0.8
dfridberg@yoda.bsd.uchicago.edu,5/4/21 22:28,20-3AC-0-00748,,612,30.33,0,29.91,2.0.8
dfridberg@yoda.bsd.uchicago.edu,5/4/21 22:29,20-3AC-0-00748,,611,30.16,0.064,29.85,2.0.8
dfridberg@yoda.bsd.uchicago.edu,5/4/21 22:30,20-3AC-0-00748,,599,28.11,0,29.85,2.0.8
dfridberg@yoda.bsd.uchicago.edu,5/4/21 22:31,20-3AC-0-00748,,593,27.09,0.064,29.8,2.0.8
dfridberg@yoda.bsd.uchicago.edu,5/4/21 22:32,20-3AC-0-00748,,536,17.38,0,29.57,2.0.8
dfridberg@yoda.bsd.uchicago.edu,5/4/21 22:33,20-3AC-0-00748,,526,15.67,0.192,29.23,2.0.8
dfridberg@yoda.bsd.uchicago.edu,5/4/21 22:34,20-3AC-0-00748,,500,11.24,0.064,29.12,2.0.8
dfridberg@yoda.bsd.uchicago.edu,5/4/21 22:35,20-3AC-0-00748,,524,15.33,0.064,29.34,2.0.8
dfridberg@yoda.bsd.uchicago.edu,5/4/21 22:36,20-3AC-0-00748,,559,21.3,0.128,29.29,2.0.8
dfridberg@yoda.bsd.uchicago.edu,5/4/21 22:37,20-3AC-0-00748,,535,17.21,0.064,28.89,2.0.8
dfridberg@yoda.bsd.uchicago.edu,5/4/21 22:38,20-3AC-0-00748,,538,17.72,0.064,28.84,2.0.8
dfridberg@yoda.bsd.uchicago.edu,5/4/21 22:39,20-3AC-0-00748,,481,8.01,0.064,28.78,2.0.8
dfridberg@yoda.bsd.uchicago.edu,5/4/21 22:40,20-3AC-0-00748,,625,32.54,0,28.84,2.0.8
dfridberg@yoda.bsd.uchicago.edu,5/4/21 22:41,20-3AC-0-00748,,702,45.66,0.064,28.89,2.0.8
dfridberg@yoda.bsd.uchicago.edu,5/4/21 22:42,20-3AC-0-00748,,546,19.08,0.064,29.01,2.0.8
dfridberg@yoda.bsd.uchicago.edu,5/4/21 22:43,20-3AC-0-00748,,545,18.91,0.064,29.06,2.0.8
dfridberg@yoda.bsd.uchicago.edu,5/4/21 22:44,20-3AC-0-00748,,560,21.47,0,29.06,2.0.8
dfridberg@yoda.bsd.uchicago.edu,5/4/21 22:45,20-3AC-0-00748,,561,21.64,0.064,29.06,2.0.8
dfridberg@yoda.bsd.uchicago.edu,5/4/21 22:46,20-3AC-0-00748,,567,22.66,0,29.12,2.0.8
dfridberg@yoda.bsd.uchicago.edu,5/4/21 22:47,20-3AC-0-00748,,554,20.44,0,29.17,2.0.8
dfridberg@yoda.bsd.uchicago.edu,5/4/21 22:48,20-3AC-0-00748,,562,21.81,0.064,29.63,2.0.8
dfridberg@yoda.bsd.uchicago.edu,5/4/21 22:49,20-3AC-0-00748,,564,22.15,0.064,30.13,2.0.8
dfridberg@yoda.bsd.uchicago.edu,5/4/21 22:50,20-3AC-0-00748,,586,25.9,0.064,30.25,2.0.8
dfridberg@yoda.bsd.uchicago.edu,5/4/21 22:51,20-3AC-0-00748,,597,27.77,0,30.3,2.0.8
dfridberg@yoda.bsd.uchicago.edu,5/4/21 22:52,20-3AC-0-00748,,589,26.41,0.064,30.3,2.0.8
dfridberg@yoda.bsd.uchicago.edu,5/4/21 22:53,20-3AC-0-00748,,597,27.77,0.064,30.47,2.0.8
dfridberg@yoda.bsd.uchicago.edu,5/4/21 22:54,20-3AC-0-00748,,574,23.85,0.064,30.42,2.0.8
dfridberg@yoda.bsd.uchicago.edu,5/4/21 22:55,20-3AC-0-00748,,533,16.87,0.064,30.36,2.0.8
dfridberg@yoda.bsd.uchicago.edu,5/4/21 22:56,20-3AC-0-00748,,554,20.44,0.064,30.42,2.0.8
dfridberg@yoda.bsd.uchicago.edu,5/4/21 22:57,20-3AC-0-00748,,565,22.32,0,30.59,2.0.8
dfridberg@yoda.bsd.uchicago.edu,5/4/21 22:58,20-3AC-0-00748,,574,23.85,0,30.92,2.0.8
dfridberg@yoda.bsd.uchicago.edu,5/4/21 22:59,20-3AC-0-00748,,601,28.45,0.064,31.21,2.0.8
dfridberg@yoda.bsd.uchicago.edu,5/4/21 23:00,20-3AC-0-00748,,602,28.62,0.064,31.21,2.0.8
dfridberg@yoda.bsd.uchicago.edu,5/4/21 23:01,20-3AC-0-00748,,605,29.13,0.128,31.37,2.0.8
dfridberg@yoda.bsd.uchicago.edu,5/4/21 23:02,20-3AC-0-00748,,619,31.52,0.128,31.49,2.0.8
dfridberg@yoda.bsd.uchicago.edu,5/4/21 23:03,20-3AC-0-00748,,620,31.69,0.128,31.54,2.0.8
dfridberg@yoda.bsd.uchicago.edu,5/4/21 23:04,20-3AC-0-00748,,622,32.03,0.064,31.6,2.0.8
dfridberg@yoda.bsd.uchicago.edu,5/4/21 23:05,20-3AC-0-00748,,622,32.03,0.064,31.54,2.0.8
dfridberg@yoda.bsd.uchicago.edu,5/4/21 23:06,20-3AC-0-00748,,619,31.52,0.128,31.54,2.0.8
dfridberg@yoda.bsd.uchicago.edu,5/4/21 23:07,20-3AC-0-00748,,619,31.52,0.128,31.49,2.0.8
dfridberg@yoda.bsd.uchicago.edu,5/4/21 23:08,20-3AC-0-00748,,627,32.88,0.128,31.54,2.0.8
dfridberg@yoda.bsd.uchicago.edu,5/4/21 23:09,20-3AC-0-00748,,632,33.73,0.128,31.21,2.0.8
dfridberg@yoda.bsd.uchicago.edu,5/4/21 23:10,20-3AC-0-00748,,599,28.11,0.128,30.92,2.0.8
dfridberg@yoda.bsd.uchicago.edu,5/4/21 23:11,20-3AC-0-00748,,595,27.43,0.064,30.81,2.0.8
dfridberg@yoda.bsd.uchicago.edu,5/4/21 23:12,20-3AC-0-00748,,612,30.33,0.128,30.81,2.0.8
dfridberg@yoda.bsd.uchicago.edu,5/4/21 23:13,20-3AC-0-00748,,637,34.59,0.064,30.98,2.0.8
dfridberg@yoda.bsd.uchicago.edu,5/4/21 23:14,20-3AC-0-00748,,638,34.76,0.064,31.37,2.0.8
dfridberg@yoda.bsd.uchicago.edu,5/4/21 23:15,20-3AC-0-00748,,649,36.63,0.064,31.54,2.0.8
dfridberg@yoda.bsd.uchicago.edu,5/4/21 23:16,20-3AC-0-00748,,659,38.33,0.128,31.6,2.0.8
dfridberg@yoda.bsd.uchicago.edu,5/4/21 23:17,20-3AC-0-00748,,657,37.99,0.128,31.71,2.0.8
dfridberg@yoda.bsd.uchicago.edu,5/4/21 23:18,20-3AC-0-00748,,669,40.04,0.128,31.77,2.0.8
dfridberg@yoda.bsd.uchicago.edu,5/4/21 23:19,20-3AC-0-00748,,675,41.06,0.128,31.71,2.0.8
dfridberg@yoda.bsd.uchicago.edu,5/4/21 23:20,20-3AC-0-00748,,674,40.89,0.192,31.77,2.0.8
dfridberg@yoda.bsd.uchicago.edu,5/4/21 23:21,20-3AC-0-00748,,659,38.33,0.128,31.6,2.0.8
dfridberg@yoda.bsd.uchicago.edu,5/4/21 23:22,20-3AC-0-00748,,612,30.33,0.128,31.54,2.0.8
dfridberg@yoda.bsd.uchicago.edu,5/4/21 23:23,20-3AC-0-00748,,639,34.93,0.128,31.6,2.0.8
dfridberg@yoda.bsd.uchicago.edu,5/4/21 23:24,20-3AC-0-00748,,647,36.29,0.064,31.66,2.0.8
dfridberg@yoda.bsd.uchicago.edu,5/4/21 23:25,20-3AC-0-00748,,651,36.97,0.064,31.6,2.0.8
dfridberg@yoda.bsd.uchicago.edu,5/4/21 23:26,20-3AC-0-00748,,651,36.97,0.064,31.77,2.0.8
dfridberg@yoda.bsd.uchicago.edu,5/4/21 23:27,20-3AC-0-00748,,659,38.33,0.128,31.83,2.0.8
dfridberg@yoda.bsd.uchicago.edu,5/4/21 23:28,20-3AC-0-00748,,666,39.53,0.128,31.83,2.0.8
dfridberg@yoda.bsd.uchicago.edu,5/4/21 23:29,20-3AC-0-00748,,671,40.38,0.064,31.94,2.0.8
dfridberg@yoda.bsd.uchicago.edu,5/4/21 23:30,20-3AC-0-00748,,683,42.42,0,31.94,2.0.8
dfridberg@yoda.bsd.uchicago.edu,5/4/21 23:31,20-3AC-0-00748,,676,41.23,0,32.05,2.0.8
dfridberg@yoda.bsd.uchicago.edu,5/4/21 23:32,20-3AC-0-00748,,687,43.1,0,32.28,2.0.8
dfridberg@yoda.bsd.uchicago.edu,5/4/21 23:33,20-3AC-0-00748,,679,41.74,0.064,32.45,2.0.8
dfridberg@yoda.bsd.uchicago.edu,5/4/21 23:34,20-3AC-0-00748,,675,41.06,0.256,32.56,2.0.8
dfridberg@yoda.bsd.uchicago.edu,5/4/21 23:35,20-3AC-0-00748,,662,38.84,0.192,31.94,2.0.8
dfridberg@yoda.bsd.uchicago.edu,5/4/21 23:36,20-3AC-0-00748,,646,36.12,0.128,31.54,2.0.8
dfridberg@yoda.bsd.uchicago.edu,5/4/21 23:37,20-3AC-0-00748,,629,33.22,0.064,31.09,2.0.8
dfridberg@yoda.bsd.uchicago.edu,5/4/21 23:38,20-3AC-0-00748,,628,33.05,0,31.71,2.0.8
dfridberg@yoda.bsd.uchicago.edu,5/4/21 23:39,20-3AC-0-00748,,629,33.22,0,31.94,2.0.8
dfridberg@yoda.bsd.uchicago.edu,5/4/21 23:40,20-3AC-0-00748,,630,33.39,0,32.33,2.0.8
dfridberg@yoda.bsd.uchicago.edu,5/4/21 23:41,20-3AC-0-00748,,654,37.48,0.064,32.67,2.0.8
dfridberg@yoda.bsd.uchicago.edu,5/4/21 23:42,20-3AC-0-00748,,651,36.97,0,33.01,2.0.8
dfridberg@yoda.bsd.uchicago.edu,5/4/21 23:43,20-3AC-0-00748,,639,34.93,0,33.46,2.0.8
dfridberg@yoda.bsd.uchicago.edu,5/4/21 23:44,20-3AC-0-00748,,648,36.46,0,33.57,2.0.8
dfridberg@yoda.bsd.uchicago.edu,5/4/21 23:45,20-3AC-0-00748,,631,33.56,0,33.4,2.0.8
dfridberg@yoda.bsd.uchicago.edu,5/4/21 23:46,20-3AC-0-00748,,633,33.9,0.064,33.52,2.0.8
dfridberg@yoda.bsd.uchicago.edu,5/4/21 23:47,20-3AC-0-00748,,640,35.1,0.064,33.52,2.0.8
dfridberg@yoda.bsd.uchicago.edu,5/4/21 23:48,20-3AC-0-00748,,629,33.22,0,33.12,2.0.8
dfridberg@yoda.bsd.uchicago.edu,5/4/21 23:49,20-3AC-0-00748,,649,36.63,0,32.84,2.0.8
dfridberg@yoda.bsd.uchicago.edu,5/4/21 23:50,20-3AC-0-00748,,625,32.54,0,33.01,2.0.8
dfridberg@yoda.bsd.uchicago.edu,5/4/21 23:51,20-3AC-0-00748,,626,32.71,0.064,33.12,2.0.8
dfridberg@yoda.bsd.uchicago.edu,5/4/21 23:52,20-3AC-0-00748,,642,35.44,0,32.95,2.0.8
dfridberg@yoda.bsd.uchicago.edu,5/4/21 23:53,20-3AC-0-00748,,652,37.14,0,32.78,2.0.8
dfridberg@yoda.bsd.uchicago.edu,5/4/21 23:54,20-3AC-0-00748,,652,37.14,0,32.67,2.0.8
dfridberg@yoda.bsd.uchicago.edu,5/4/21 23:55,20-3AC-0-00748,,649,36.63,0,33.12,2.0.8
dfridberg@yoda.bsd.uchicago.edu,5/4/21 23:56,20-3AC-0-00748,,657,37.99,0,33.35,2.0.8
dfridberg@yoda.bsd.uchicago.edu,5/4/21 23:57,20-3AC-0-00748,,672,40.55,0,33.91,2.0.8
dfridberg@yoda.bsd.uchicago.edu,5/4/21 23:58,20-3AC-0-00748,,681,42.08,0,34.08,2.0.8
dfridberg@yoda.bsd.uchicago.edu,5/4/21 23:59,20-3AC-0-00748,,700,45.32,0,33.85,2.0.8
dfridberg@yoda.bsd.uchicago.edu,5/5/21 0:00,20-3AC-0-00748,,705,46.17,0,33.57,2.0.8
dfridberg@yoda.bsd.uchicago.edu,5/5/21 0:01,20-3AC-0-00748,,703,45.83,0.064,33.63,2.0.8
dfridberg@yoda.bsd.uchicago.edu,5/5/21 0:02,20-3AC-0-00748,,697,44.81,0.128,33.35,2.0.8
dfridberg@yoda.bsd.uchicago.edu,5/5/21 0:03,20-3AC-0-00748,,669,40.04,0.064,33.4,2.0.8
dfridberg@yoda.bsd.uchicago.edu,5/5/21 0:04,20-3AC-0-00748,,669,40.04,0.064,32.84,2.0.8
dfridberg@yoda.bsd.uchicago.edu,5/5/21 0:05,20-3AC-0-00748,,658,38.16,0.256,32.33,2.0.8
dfridberg@yoda.bsd.uchicago.edu,5/5/21 0:06,20-3AC-0-00748,,624,32.37,0.064,32.05,2.0.8
dfridberg@yoda.bsd.uchicago.edu,5/5/21 0:07,20-3AC-0-00748,,599,28.11,0.064,32.11,2.0.8
dfridberg@yoda.bsd.uchicago.edu,5/5/21 0:08,20-3AC-0-00748,,606,29.3,0,32.56,2.0.8
dfridberg@yoda.bsd.uchicago.edu,5/5/21 0:09,20-3AC-0-00748,,614,30.67,0,33.12,2.0.8
dfridberg@yoda.bsd.uchicago.edu,5/5/21 0:10,20-3AC-0-00748,,649,36.63,0.064,32.78,2.0.8
dfridberg@yoda.bsd.uchicago.edu,5/5/21 0:11,20-3AC-0-00748,,639,34.93,0,32.67,2.0.8
dfridberg@yoda.bsd.uchicago.edu,5/5/21 0:12,20-3AC-0-00748,,643,35.61,0,32.56,2.0.8
dfridberg@yoda.bsd.uchicago.edu,5/5/21 0:13,20-3AC-0-00748,,646,36.12,0.064,32.56,2.0.8
dfridberg@yoda.bsd.uchicago.edu,5/5/21 0:14,20-3AC-0-00748,,639,34.93,0.128,32.45,2.0.8
dfridberg@yoda.bsd.uchicago.edu,5/5/21 0:15,20-3AC-0-00748,,614,30.67,0.064,31.49,2.0.8
dfridberg@yoda.bsd.uchicago.edu,5/5/21 0:16,20-3AC-0-00748,,576,24.19,0.064,31.15,2.0.8
dfridberg@yoda.bsd.uchicago.edu,5/5/21 0:17,20-3AC-0-00748,,550,19.76,0.064,30.92,2.0.8
dfridberg@yoda.bsd.uchicago.edu,5/5/21 0:18,20-3AC-0-00748,,549,19.59,0,30.98,2.0.8
dfridberg@yoda.bsd.uchicago.edu,5/5/21 0:19,20-3AC-0-00748,,560,21.47,0.128,31.21,2.0.8
dfridberg@yoda.bsd.uchicago.edu,5/5/21 0:20,20-3AC-0-00748,,534,17.04,0.192,30.98,2.0.8
dfridberg@yoda.bsd.uchicago.edu,5/5/21 0:21,20-3AC-0-00748,,530,16.36,0,30.64,2.0.8
dfridberg@yoda.bsd.uchicago.edu,5/5/21 0:22,20-3AC-0-00748,,535,17.21,0,30.75,2.0.8
dfridberg@yoda.bsd.uchicago.edu,5/5/21 0:23,20-3AC-0-00748,,541,18.23,0,31.71,2.0.8
dfridberg@yoda.bsd.uchicago.edu,5/5/21 0:24,20-3AC-0-00748,,557,20.96,0,32.33,2.0.8
dfridberg@yoda.bsd.uchicago.edu,5/5/21 0:25,20-3AC-0-00748,,582,25.21,0,32.11,2.0.8
dfridberg@yoda.bsd.uchicago.edu,5/5/21 0:26,20-3AC-0-00748,,565,22.32,0,32.28,2.0.8
dfridberg@yoda.bsd.uchicago.edu,5/5/21 0:27,20-3AC-0-00748,,575,24.02,0.064,32.84,2.0.8
dfridberg@yoda.bsd.uchicago.edu,5/5/21 0:28,20-3AC-0-00748,,589,26.41,0,33.18,2.0.8
dfridberg@yoda.bsd.uchicago.edu,5/5/21 0:29,20-3AC-0-00748,,599,28.11,0,33.4,2.0.8
dfridberg@yoda.bsd.uchicago.edu,5/5/21 0:30,20-3AC-0-00748,,604,28.96,0,33.74,2.0.8
dfridberg@yoda.bsd.uchicago.edu,5/5/21 0:31,20-3AC-0-00748,,610,29.99,0.064,33.8,2.0.8
dfridberg@yoda.bsd.uchicago.edu,5/5/21 0:32,20-3AC-0-00748,,595,27.43,0.064,33.23,2.0.8
dfridberg@yoda.bsd.uchicago.edu,5/5/21 0:33,20-3AC-0-00748,,562,21.81,0,33.57,2.0.8
dfridberg@yoda.bsd.uchicago.edu,5/5/21 0:34,20-3AC-0-00748,,572,23.51,0,33.63,2.0.8
dfridberg@yoda.bsd.uchicago.edu,5/5/21 0:35,20-3AC-0-00748,,573,23.68,0,34.02,2.0.8
dfridberg@yoda.bsd.uchicago.edu,5/5/21 0:36,20-3AC-0-00748,,565,22.32,0,34.36,2.0.8
dfridberg@yoda.bsd.uchicago.edu,5/5/21 0:37,20-3AC-0-00748,,568,22.83,0,34.59,2.0.8
dfridberg@yoda.bsd.uchicago.edu,5/5/21 0:38,20-3AC-0-00748,,568,22.83,0,34.87,2.0.8
dfridberg@yoda.bsd.uchicago.edu,5/5/21 0:39,20-3AC-0-00748,,562,21.81,0,34.98,2.0.8
dfridberg@yoda.bsd.uchicago.edu,5/5/21 0:40,20-3AC-0-00748,,547,19.25,0.064,34.19,2.0.8
dfridberg@yoda.bsd.uchicago.edu,5/5/21 0:41,20-3AC-0-00748,,537,17.55,0.064,33.52,2.0.8
dfridberg@yoda.bsd.uchicago.edu,5/5/21 0:42,20-3AC-0-00748,,519,14.48,0.128,33.63,2.0.8
dfridberg@yoda.bsd.uchicago.edu,5/5/21 0:43,20-3AC-0-00748,,523,15.16,0,32.56,2.0.8
dfridberg@yoda.bsd.uchicago.edu,5/5/21 0:44,20-3AC-0-00748,,494,10.22,0.064,32.33,2.0.8
dfridberg@yoda.bsd.uchicago.edu,5/5/21 0:45,20-3AC-0-00748,,479,7.67,0,32.33,2.0.8
dfridberg@yoda.bsd.uchicago.edu,5/5/21 0:46,20-3AC-0-00748,,490,9.54,0,32.45,2.0.8
dfridberg@yoda.bsd.uchicago.edu,5/5/21 0:47,20-3AC-0-00748,,497,10.73,0.064,32.73,2.0.8
dfridberg@yoda.bsd.uchicago.edu,5/5/21 0:48,20-3AC-0-00748,,514,13.63,0,32.56,2.0.8
dfridberg@yoda.bsd.uchicago.edu,5/5/21 0:49,20-3AC-0-00748,,531,16.53,0.128,32.28,2.0.8
dfridberg@yoda.bsd.uchicago.edu,5/5/21 0:50,20-3AC-0-00748,,520,14.65,0.064,32.11,2.0.8
dfridberg@yoda.bsd.uchicago.edu,5/5/21 0:51,20-3AC-0-00748,,499,11.07,0.128,31.99,2.0.8
dfridberg@yoda.bsd.uchicago.edu,5/5/21 0:52,20-3AC-0-00748,,478,7.5,0,33.29,2.0.8
dfridberg@yoda.bsd.uchicago.edu,5/5/21 0:53,20-3AC-0-00748,,537,17.55,0,33.74,2.0.8
dfridberg@yoda.bsd.uchicago.edu,5/5/21 0:54,20-3AC-0-00748,,555,20.61,0,33.52,2.0.8
dfridberg@yoda.bsd.uchicago.edu,5/5/21 0:55,20-3AC-0-00748,,549,19.59,0,33.69,2.0.8
dfridberg@yoda.bsd.uchicago.edu,5/5/21 0:56,20-3AC-0-00748,,543,18.57,0,33.52,2.0.8
dfridberg@yoda.bsd.uchicago.edu,5/5/21 0:57,20-3AC-0-00748,,540,18.06,0,33.69,2.0.8
dfridberg@yoda.bsd.uchicago.edu,5/5/21 0:58,20-3AC-0-00748,,546,19.08,0,33.8,2.0.8
dfridberg@yoda.bsd.uchicago.edu,5/5/21 0:59,20-3AC-0-00748,,546,19.08,0,34.08,2.0.8
dfridberg@yoda.bsd.uchicago.edu,5/5/21 1:00,20-3AC-0-00748,,557,20.96,0,34.36,2.0.8
dfridberg@yoda.bsd.uchicago.edu,5/5/21 1:01,20-3AC-0-00748,,565,22.32,0,34.42,2.0.8
dfridberg@yoda.bsd.uchicago.edu,5/5/21 1:02,20-3AC-0-00748,,562,21.81,0,34.81,2.0.8
dfridberg@yoda.bsd.uchicago.edu,5/5/21 1:03,20-3AC-0-00748,,564,22.15,0,34.87,2.0.8
dfridberg@yoda.bsd.uchicago.edu,5/5/21 1:04,20-3AC-0-00748,,562,21.81,0,34.98,2.0.8
dfridberg@yoda.bsd.uchicago.edu,5/5/21 1:05,20-3AC-0-00748,,543,18.57,0,35.04,2.0.8
dfridberg@yoda.bsd.uchicago.edu,5/5/21 1:06,20-3AC-0-00748,,538,17.72,0,34.7,2.0.8
dfridberg@yoda.bsd.uchicago.edu,5/5/21 1:07,20-3AC-0-00748,,522,14.99,0,34.59,2.0.8
dfridberg@yoda.bsd.uchicago.edu,5/5/21 1:08,20-3AC-0-00748,,521,14.82,0,34.76,2.0.8
dfridberg@yoda.bsd.uchicago.edu,5/5/21 1:09,20-3AC-0-00748,,520,14.65,0,34.87,2.0.8
dfridberg@yoda.bsd.uchicago.edu,5/5/21 1:10,20-3AC-0-00748,,525,15.5,0,35.04,2.0.8
dfridberg@yoda.bsd.uchicago.edu,5/5/21 1:11,20-3AC-0-00748,,520,14.65,0,35.21,2.0.8
dfridberg@yoda.bsd.uchicago.edu,5/5/21 1:12,20-3AC-0-00748,,518,14.31,0.064,35.54,2.0.8
dfridberg@yoda.bsd.uchicago.edu,5/5/21 1:13,20-3AC-0-00748,,525,15.5,0,35.77,2.0.8
dfridberg@yoda.bsd.uchicago.edu,5/5/21 1:14,20-3AC-0-00748,,528,16.01,0.064,35.88,2.0.8
dfridberg@yoda.bsd.uchicago.edu,5/5/21 1:15,20-3AC-0-00748,,532,16.7,0,35.82,2.0.8
dfridberg@yoda.bsd.uchicago.edu,5/5/21 1:16,20-3AC-0-00748,,532,16.7,0,35.49,2.0.8
dfridberg@yoda.bsd.uchicago.edu,5/5/21 1:17,20-3AC-0-00748,,526,15.67,0,35.21,2.0.8
dfridberg@yoda.bsd.uchicago.edu,5/5/21 1:18,20-3AC-0-00748,,519,14.48,0,35.15,2.0.8
dfridberg@yoda.bsd.uchicago.edu,5/5/21 1:19,20-3AC-0-00748,,515,13.8,0,35.04,2.0.8
dfridberg@yoda.bsd.uchicago.edu,5/5/21 1:20,20-3AC-0-00748,,515,13.8,0,35.04,2.0.8
dfridberg@yoda.bsd.uchicago.edu,5/5/21 1:21,20-3AC-0-00748,,515,13.8,0,35.04,2.0.8
dfridberg@yoda.bsd.uchicago.edu,5/5/21 1:22,20-3AC-0-00748,,514,13.63,0,34.92,2.0.8
dfridberg@yoda.bsd.uchicago.edu,5/5/21 1:23,20-3AC-0-00748,,511,13.12,0,34.98,2.0.8
dfridberg@yoda.bsd.uchicago.edu,5/5/21 1:24,20-3AC-0-00748,,511,13.12,0,35.15,2.0.8
dfridberg@yoda.bsd.uchicago.edu,5/5/21 1:25,20-3AC-0-00748,,511,13.12,0,35.04,2.0.8
dfridberg@yoda.bsd.uchicago.edu,5/5/21 1:26,20-3AC-0-00748,,512,13.29,0,35.04,2.0.8
dfridberg@yoda.bsd.uchicago.edu,5/5/21 1:27,20-3AC-0-00748,,510,12.95,0,35.04,2.0.8
dfridberg@yoda.bsd.uchicago.edu,5/5/21 1:28,20-3AC-0-00748,,510,12.95,0.064,34.98,2.0.8
dfridberg@yoda.bsd.uchicago.edu,5/5/21 1:29,20-3AC-0-00748,,507,12.44,0,34.98,2.0.8
dfridberg@yoda.bsd.uchicago.edu,5/5/21 1:30,20-3AC-0-00748,,507,12.44,0,34.92,2.0.8
dfridberg@yoda.bsd.uchicago.edu,5/5/21 1:31,20-3AC-0-00748,,505,12.1,0,34.98,2.0.8
dfridberg@yoda.bsd.uchicago.edu,5/5/21 1:32,20-3AC-0-00748,,502,11.59,0,35.09,2.0.8
dfridberg@yoda.bsd.uchicago.edu,5/5/21 1:33,20-3AC-0-00748,,504,11.93,0,35.04,2.0.8
dfridberg@yoda.bsd.uchicago.edu,5/5/21 1:34,20-3AC-0-00748,,503,11.76,0,35.21,2.0.8
dfridberg@yoda.bsd.uchicago.edu,5/5/21 1:35,20-3AC-0-00748,,499,11.07,0,35.09,2.0.8
dfridberg@yoda.bsd.uchicago.edu,5/5/21 1:36,20-3AC-0-00748,,501,11.41,0,35.26,2.0.8
dfridberg@yoda.bsd.uchicago.edu,5/5/21 1:37,20-3AC-0-00748,,499,11.07,0.064,35.21,2.0.8
dfridberg@yoda.bsd.uchicago.edu,5/5/21 1:38,20-3AC-0-00748,,497,10.73,0,35.32,2.0.8
dfridberg@yoda.bsd.uchicago.edu,5/5/21 1:39,20-3AC-0-00748,,497,10.73,0,35.37,2.0.8
dfridberg@yoda.bsd.uchicago.edu,5/5/21 1:40,20-3AC-0-00748,,495,10.39,0,35.32,2.0.8
dfridberg@yoda.bsd.uchicago.edu,5/5/21 1:41,20-3AC-0-00748,,494,10.22,0,35.32,2.0.8
dfridberg@yoda.bsd.uchicago.edu,5/5/21 1:42,20-3AC-0-00748,,492,9.88,0,35.32,2.0.8
dfridberg@yoda.bsd.uchicago.edu,5/5/21 1:43,20-3AC-0-00748,,493,10.05,0,35.37,2.0.8
dfridberg@yoda.bsd.uchicago.edu,5/5/21 1:44,20-3AC-0-00748,,490,9.54,0,35.43,2.0.8
dfridberg@yoda.bsd.uchicago.edu,5/5/21 1:45,20-3AC-0-00748,,489,9.37,0,35.37,2.0.8
dfridberg@yoda.bsd.uchicago.edu,5/5/21 1:46,20-3AC-0-00748,,488,9.2,0,35.43,2.0.8
dfridberg@yoda.bsd.uchicago.edu,5/5/21 1:47,20-3AC-0-00748,,487,9.03,0.064,35.43,2.0.8
dfridberg@yoda.bsd.uchicago.edu,5/5/21 1:48,20-3AC-0-00748,,486,8.86,0,35.49,2.0.8
dfridberg@yoda.bsd.uchicago.edu,5/5/21 1:49,20-3AC-0-00748,,485,8.69,0,35.6,2.0.8
dfridberg@yoda.bsd.uchicago.edu,5/5/21 1:50,20-3AC-0-00748,,483,8.35,0,35.54,2.0.8
dfridberg@yoda.bsd.uchicago.edu,5/5/21 1:51,20-3AC-0-00748,,485,8.69,0,35.6,2.0.8
dfridberg@yoda.bsd.uchicago.edu,5/5/21 1:52,20-3AC-0-00748,,484,8.52,0,35.54,2.0.8
dfridberg@yoda.bsd.uchicago.edu,5/5/21 1:53,20-3AC-0-00748,,482,8.18,0,35.6,2.0.8
dfridberg@yoda.bsd.uchicago.edu,5/5/21 1:54,20-3AC-0-00748,,483,8.35,0,35.66,2.0.8
dfridberg@yoda.bsd.uchicago.edu,5/5/21 1:55,20-3AC-0-00748,,482,8.18,0,35.6,2.0.8
dfridberg@yoda.bsd.uchicago.edu,5/5/21 1:56,20-3AC-0-00748,,480,7.84,0,35.71,2.0.8
dfridberg@yoda.bsd.uchicago.edu,5/5/21 1:57,20-3AC-0-00748,,479,7.67,0,35.71,2.0.8
dfridberg@yoda.bsd.uchicago.edu,5/5/21 1:58,20-3AC-0-00748,,478,7.5,0,35.71,2.0.8
dfridberg@yoda.bsd.uchicago.edu,5/5/21 1:59,20-3AC-0-00748,,475,6.99,0,35.6,2.0.8
dfridberg@yoda.bsd.uchicago.edu,5/5/21 2:00,20-3AC-0-00748,,476,7.16,0,35.66,2.0.8
dfridberg@yoda.bsd.uchicago.edu,5/5/21 2:01,20-3AC-0-00748,,476,7.16,0,35.54,2.0.8
dfridberg@yoda.bsd.uchicago.edu,5/5/21 2:02,20-3AC-0-00748,,473,6.64,0,35.66,2.0.8
dfridberg@yoda.bsd.uchicago.edu,5/5/21 2:03,20-3AC-0-00748,,472,6.47,0.064,35.71,2.0.8
dfridberg@yoda.bsd.uchicago.edu,5/5/21 2:04,20-3AC-0-00748,,472,6.47,0,35.66,2.0.8
dfridberg@yoda.bsd.uchicago.edu,5/5/21 2:05,20-3AC-0-00748,,471,6.3,0,35.71,2.0.8
dfridberg@yoda.bsd.uchicago.edu,5/5/21 2:06,20-3AC-0-00748,,469,5.96,0,35.71,2.0.8
dfridberg@yoda.bsd.uchicago.edu,5/5/21 2:07,20-3AC-0-00748,,469,5.96,0,35.6,2.0.8
dfridberg@yoda.bsd.uchicago.edu,5/5/21 2:08,20-3AC-0-00748,,469,5.96,0.064,35.6,2.0.8
dfridberg@yoda.bsd.uchicago.edu,5/5/21 2:09,20-3AC-0-00748,,466,5.45,0,35.71,2.0.8
dfridberg@yoda.bsd.uchicago.edu,5/5/21 2:10,20-3AC-0-00748,,466,5.45,0,35.71,2.0.8
dfridberg@yoda.bsd.uchicago.edu,5/5/21 2:11,20-3AC-0-00748,,468,5.79,0,35.71,2.0.8
dfridberg@yoda.bsd.uchicago.edu,5/5/21 2:12,20-3AC-0-00748,,466,5.45,0,35.82,2.0.8
dfridberg@yoda.bsd.uchicago.edu,5/5/21 2:13,20-3AC-0-00748,,467,5.62,0,35.77,2.0.8
dfridberg@yoda.bsd.uchicago.edu,5/5/21 2:14,20-3AC-0-00748,,466,5.45,0,35.71,2.0.8
dfridberg@yoda.bsd.uchicago.edu,5/5/21 2:15,20-3AC-0-00748,,460,4.43,0,35.82,2.0.8
dfridberg@yoda.bsd.uchicago.edu,5/5/21 2:16,20-3AC-0-00748,,462,4.77,0,35.71,2.0.8
dfridberg@yoda.bsd.uchicago.edu,5/5/21 2:17,20-3AC-0-00748,,464,5.11,0,35.88,2.0.8
dfridberg@yoda.bsd.uchicago.edu,5/5/21 2:18,20-3AC-0-00748,,459,4.26,0,36.22,2.0.8
dfridberg@yoda.bsd.uchicago.edu,5/5/21 2:19,20-3AC-0-00748,,462,4.77,0,36.16,2.0.8
dfridberg@yoda.bsd.uchicago.edu,5/5/21 2:20,20-3AC-0-00748,,463,4.94,0,36.28,2.0.8
dfridberg@yoda.bsd.uchicago.edu,5/5/21 2:21,20-3AC-0-00748,,463,4.94,0,36.39,2.0.8
dfridberg@yoda.bsd.uchicago.edu,5/5/21 2:22,20-3AC-0-00748,,463,4.94,0,36.44,2.0.8
dfridberg@yoda.bsd.uchicago.edu,5/5/21 2:23,20-3AC-0-00748,,462,4.77,0,36.44,2.0.8
dfridberg@yoda.bsd.uchicago.edu,5/5/21 2:24,20-3AC-0-00748,,460,4.43,0,36.5,2.0.8
dfridberg@yoda.bsd.uchicago.edu,5/5/21 2:25,20-3AC-0-00748,,461,4.6,0,36.56,2.0.8
dfridberg@yoda.bsd.uchicago.edu,5/5/21 2:26,20-3AC-0-00748,,463,4.94,0,36.5,2.0.8
dfridberg@yoda.bsd.uchicago.edu,5/5/21 2:27,20-3AC-0-00748,,460,4.43,0,36.56,2.0.8
dfridberg@yoda.bsd.uchicago.edu,5/5/21 2:28,20-3AC-0-00748,,459,4.26,0,36.73,2.0.8
dfridberg@yoda.bsd.uchicago.edu,5/5/21 2:29,20-3AC-0-00748,,458,4.09,0,36.67,2.0.8
dfridberg@yoda.bsd.uchicago.edu,5/5/21 2:30,20-3AC-0-00748,,459,4.26,0,36.67,2.0.8
dfridberg@yoda.bsd.uchicago.edu,5/5/21 2:31,20-3AC-0-00748,,458,4.09,0,36.61,2.0.8
dfridberg@yoda.bsd.uchicago.edu,5/5/21 2:32,20-3AC-0-00748,,456,3.75,0,36.67,2.0.8
dfridberg@yoda.bsd.uchicago.edu,5/5/21 2:33,20-3AC-0-00748,,456,3.75,0,36.73,2.0.8
dfridberg@yoda.bsd.uchicago.edu,5/5/21 2:34,20-3AC-0-00748,,456,3.75,0,36.73,2.0.8
dfridberg@yoda.bsd.uchicago.edu,5/5/21 2:35,20-3AC-0-00748,,454,3.41,0,36.73,2.0.8
dfridberg@yoda.bsd.uchicago.edu,5/5/21 2:36,20-3AC-0-00748,,452,3.07,0,36.78,2.0.8
dfridberg@yoda.bsd.uchicago.edu,5/5/21 2:37,20-3AC-0-00748,,454,3.41,0,36.84,2.0.8
dfridberg@yoda.bsd.uchicago.edu,5/5/21 2:38,20-3AC-0-00748,,452,3.07,0,36.61,2.0.8
dfridberg@yoda.bsd.uchicago.edu,5/5/21 2:39,20-3AC-0-00748,,453,3.24,0,36.67,2.0.8
dfridberg@yoda.bsd.uchicago.edu,5/5/21 2:40,20-3AC-0-00748,,452,3.07,0,36.56,2.0.8
dfridberg@yoda.bsd.uchicago.edu,5/5/21 2:41,20-3AC-0-00748,,452,3.07,0,36.67,2.0.8
dfridberg@yoda.bsd.uchicago.edu,5/5/21 2:42,20-3AC-0-00748,,453,3.24,0,36.73,2.0.8
dfridberg@yoda.bsd.uchicago.edu,5/5/21 2:43,20-3AC-0-00748,,452,3.07,0,36.73,2.0.8
dfridberg@yoda.bsd.uchicago.edu,5/5/21 2:44,20-3AC-0-00748,,451,2.9,0,36.73,2.0.8
dfridberg@yoda.bsd.uchicago.edu,5/5/21 2:45,20-3AC-0-00748,,451,2.9,0,36.67,2.0.8
dfridberg@yoda.bsd.uchicago.edu,5/5/21 2:46,20-3AC-0-00748,,453,3.24,0,36.61,2.0.8
dfridberg@yoda.bsd.uchicago.edu,5/5/21 2:47,20-3AC-0-00748,,449,2.56,0,36.5,2.0.8
dfridberg@yoda.bsd.uchicago.edu,5/5/21 2:48,20-3AC-0-00748,,449,2.56,0,36.33,2.0.8
dfridberg@yoda.bsd.uchicago.edu,5/5/21 2:49,20-3AC-0-00748,,449,2.56,0,36.39,2.0.8
dfridberg@yoda.bsd.uchicago.edu,5/5/21 2:50,20-3AC-0-00748,,449,2.56,0,36.44,2.0.8
dfridberg@yoda.bsd.uchicago.edu,5/5/21 2:51,20-3AC-0-00748,,452,3.07,0,36.33,2.0.8
dfridberg@yoda.bsd.uchicago.edu,5/5/21 2:52,20-3AC-0-00748,,450,2.73,0,36.28,2.0.8
dfridberg@yoda.bsd.uchicago.edu,5/5/21 2:53,20-3AC-0-00748,,450,2.73,0,36.39,2.0.8
dfridberg@yoda.bsd.uchicago.edu,5/5/21 2:54,20-3AC-0-00748,,449,2.56,0,36.39,2.0.8
dfridberg@yoda.bsd.uchicago.edu,5/5/21 2:55,20-3AC-0-00748,,452,3.07,0,36.44,2.0.8
dfridberg@yoda.bsd.uchicago.edu,5/5/21 2:56,20-3AC-0-00748,,451,2.9,0,36.39,2.0.8
dfridberg@yoda.bsd.uchicago.edu,5/5/21 2:57,20-3AC-0-00748,,449,2.56,0,36.33,2.0.8
dfridberg@yoda.bsd.uchicago.edu,5/5/21 2:58,20-3AC-0-00748,,447,2.21,0,36.39,2.0.8
dfridberg@yoda.bsd.uchicago.edu,5/5/21 2:59,20-3AC-0-00748,,448,2.39,0,36.44,2.0.8
dfridberg@yoda.bsd.uchicago.edu,5/5/21 3:00,20-3AC-0-00748,,449,2.56,0,36.5,2.0.8
dfridberg@yoda.bsd.uchicago.edu,5/5/21 3:01,20-3AC-0-00748,,448,2.39,0,36.44,2.0.8
dfridberg@yoda.bsd.uchicago.edu,5/5/21 3:02,20-3AC-0-00748,,452,3.07,0,36.56,2.0.8
dfridberg@yoda.bsd.uchicago.edu,5/5/21 3:03,20-3AC-0-00748,,448,2.39,0,36.56,2.0.8
dfridberg@yoda.bsd.uchicago.edu,5/5/21 3:04,20-3AC-0-00748,,450,2.73,0,36.56,2.0.8
dfridberg@yoda.bsd.uchicago.edu,5/5/21 3:05,20-3AC-0-00748,,452,3.07,0,36.44,2.0.8
dfridberg@yoda.bsd.uchicago.edu,5/5/21 3:06,20-3AC-0-00748,,449,2.56,0,36.39,2.0.8
dfridberg@yoda.bsd.uchicago.edu,5/5/21 3:07,20-3AC-0-00748,,446,2.04,0,36.44,2.0.8
dfridberg@yoda.bsd.uchicago.edu,5/5/21 3:08,20-3AC-0-00748,,448,2.39,0.064,36.56,2.0.8
dfridberg@yoda.bsd.uchicago.edu,5/5/21 3:09,20-3AC-0-00748,,450,2.73,0,36.39,2.0.8
dfridberg@yoda.bsd.uchicago.edu,5/5/21 3:10,20-3AC-0-00748,,446,2.04,0,36.16,2.0.8
dfridberg@yoda.bsd.uchicago.edu,5/5/21 3:11,20-3AC-0-00748,,446,2.04,0,36.11,2.0.8
dfridberg@yoda.bsd.uchicago.edu,5/5/21 3:12,20-3AC-0-00748,,444,1.7,0,36.05,2.0.8
dfridberg@yoda.bsd.uchicago.edu,5/5/21 3:13,20-3AC-0-00748,,443,1.53,0,35.94,2.0.8
dfridberg@yoda.bsd.uchicago.edu,5/5/21 3:14,20-3AC-0-00748,,444,1.7,0,36.05,2.0.8
dfridberg@yoda.bsd.uchicago.edu,5/5/21 3:15,20-3AC-0-00748,,441,1.19,0,35.88,2.0.8
dfridberg@yoda.bsd.uchicago.edu,5/5/21 3:16,20-3AC-0-00748,,441,1.19,0,35.77,2.0.8
dfridberg@yoda.bsd.uchicago.edu,5/5/21 3:17,20-3AC-0-00748,,439,0.85,0,35.94,2.0.8
dfridberg@yoda.bsd.uchicago.edu,5/5/21 3:18,20-3AC-0-00748,,443,1.53,0,35.88,2.0.8
dfridberg@yoda.bsd.uchicago.edu,5/5/21 3:19,20-3AC-0-00748,,442,1.36,0,35.94,2.0.8
dfridberg@yoda.bsd.uchicago.edu,5/5/21 3:20,20-3AC-0-00748,,442,1.36,0,35.88,2.0.8
dfridberg@yoda.bsd.uchicago.edu,5/5/21 3:21,20-3AC-0-00748,,444,1.7,0,35.94,2.0.8
dfridberg@yoda.bsd.uchicago.edu,5/5/21 3:22,20-3AC-0-00748,,450,2.73,0,35.43,2.0.8
dfridberg@yoda.bsd.uchicago.edu,5/5/21 3:23,20-3AC-0-00748,,440,1.02,0,35.04,2.0.8
dfridberg@yoda.bsd.uchicago.edu,5/5/21 3:24,20-3AC-0-00748,,439,0.85,0,34.87,2.0.8
dfridberg@yoda.bsd.uchicago.edu,5/5/21 3:25,20-3AC-0-00748,,437,0.51,0.064,34.92,2.0.8
dfridberg@yoda.bsd.uchicago.edu,5/5/21 3:26,20-3AC-0-00748,,436,0.34,0,34.87,2.0.8
dfridberg@yoda.bsd.uchicago.edu,5/5/21 3:27,20-3AC-0-00748,,437,0.51,0,34.7,2.0.8
dfridberg@yoda.bsd.uchicago.edu,5/5/21 3:28,20-3AC-0-00748,,439,0.85,0.064,34.53,2.0.8
dfridberg@yoda.bsd.uchicago.edu,5/5/21 3:29,20-3AC-0-00748,,436,0.34,0,34.36,2.0.8
dfridberg@yoda.bsd.uchicago.edu,5/5/21 3:30,20-3AC-0-00748,,436,0.34,0,34.42,2.0.8
dfridberg@yoda.bsd.uchicago.edu,5/5/21 3:31,20-3AC-0-00748,,436,0.34,0,34.47,2.0.8
dfridberg@yoda.bsd.uchicago.edu,5/5/21 3:32,20-3AC-0-00748,,436,0.34,0,34.53,2.0.8
dfridberg@yoda.bsd.uchicago.edu,5/5/21 3:33,20-3AC-0-00748,,438,0.68,0,34.59,2.0.8
dfridberg@yoda.bsd.uchicago.edu,5/5/21 3:34,20-3AC-0-00748,,439,0.85,0,34.64,2.0.8
dfridberg@yoda.bsd.uchicago.edu,5/5/21 3:35,20-3AC-0-00748,,437,0.51,0,34.53,2.0.8
dfridberg@yoda.bsd.uchicago.edu,5/5/21 3:36,20-3AC-0-00748,,440,1.02,0,34.53,2.0.8
dfridberg@yoda.bsd.uchicago.edu,5/5/21 3:37,20-3AC-0-00748,,440,1.02,0,34.64,2.0.8
dfridberg@yoda.bsd.uchicago.edu,5/5/21 3:38,20-3AC-0-00748,,440,1.02,0,34.42,2.0.8
dfridberg@yoda.bsd.uchicago.edu,5/5/21 3:39,20-3AC-0-00748,,439,0.85,0,34.47,2.0.8
dfridberg@yoda.bsd.uchicago.edu,5/5/21 3:40,20-3AC-0-00748,,441,1.19,0,34.47,2.0.8
dfridberg@yoda.bsd.uchicago.edu,5/5/21 3:41,20-3AC-0-00748,,439,0.85,0,34.47,2.0.8
dfridberg@yoda.bsd.uchicago.edu,5/5/21 3:42,20-3AC-0-00748,,439,0.85,0,34.47,2.0.8
dfridberg@yoda.bsd.uchicago.edu,5/5/21 3:43,20-3AC-0-00748,,442,1.36,0,34.42,2.0.8
dfridberg@yoda.bsd.uchicago.edu,5/5/21 3:44,20-3AC-0-00748,,440,1.02,0,34.47,2.0.8
dfridberg@yoda.bsd.uchicago.edu,5/5/21 3:45,20-3AC-0-00748,,439,0.85,0,34.47,2.0.8
dfridberg@yoda.bsd.uchicago.edu,5/5/21 3:46,20-3AC-0-00748,,441,1.19,0,34.53,2.0.8
dfridberg@yoda.bsd.uchicago.edu,5/5/21 3:47,20-3AC-0-00748,,440,1.02,0,34.42,2.0.8
dfridberg@yoda.bsd.uchicago.edu,5/5/21 3:48,20-3AC-0-00748,,441,1.19,0,34.25,2.0.8
dfridberg@yoda.bsd.uchicago.edu,5/5/21 3:49,20-3AC-0-00748,,441,1.19,0,34.36,2.0.8
dfridberg@yoda.bsd.uchicago.edu,5/5/21 3:50,20-3AC-0-00748,,440,1.02,0,34.3,2.0.8
dfridberg@yoda.bsd.uchicago.edu,5/5/21 3:51,20-3AC-0-00748,,440,1.02,0,34.3,2.0.8
dfridberg@yoda.bsd.uchicago.edu,5/5/21 3:52,20-3AC-0-00748,,440,1.02,0,34.25,2.0.8
dfridberg@yoda.bsd.uchicago.edu,5/5/21 3:53,20-3AC-0-00748,,440,1.02,0,34.25,2.0.8
dfridberg@yoda.bsd.uchicago.edu,5/5/21 3:54,20-3AC-0-00748,,439,0.85,0,34.3,2.0.8
dfridberg@yoda.bsd.uchicago.edu,5/5/21 3:55,20-3AC-0-00748,,440,1.02,0,34.3,2.0.8
dfridberg@yoda.bsd.uchicago.edu,5/5/21 3:56,20-3AC-0-00748,,440,1.02,0,34.19,2.0.8
dfridberg@yoda.bsd.uchicago.edu,5/5/21 3:57,20-3AC-0-00748,,438,0.68,0,34.19,2.0.8
dfridberg@yoda.bsd.uchicago.edu,5/5/21 3:58,20-3AC-0-00748,,440,1.02,0,34.25,2.0.8
dfridberg@yoda.bsd.uchicago.edu,5/5/21 3:59,20-3AC-0-00748,,441,1.19,0,34.19,2.0.8
dfridberg@yoda.bsd.uchicago.edu,5/5/21 4:00,20-3AC-0-00748,,440,1.02,0,34.19,2.0.8
dfridberg@yoda.bsd.uchicago.edu,5/5/21 4:01,20-3AC-0-00748,,442,1.36,0,34.19,2.0.8
dfridberg@yoda.bsd.uchicago.edu,5/5/21 4:02,20-3AC-0-00748,,439,0.85,0,34.14,2.0.8
dfridberg@yoda.bsd.uchicago.edu,5/5/21 4:03,20-3AC-0-00748,,442,1.36,0,34.02,2.0.8
dfridberg@yoda.bsd.uchicago.edu,5/5/21 4:04,20-3AC-0-00748,,448,2.39,0,33.74,2.0.8
dfridberg@yoda.bsd.uchicago.edu,5/5/21 4:05,20-3AC-0-00748,,444,1.7,0,33.12,2.0.8
dfridberg@yoda.bsd.uchicago.edu,5/5/21 4:06,20-3AC-0-00748,,439,0.85,0,32.73,2.0.8
dfridberg@yoda.bsd.uchicago.edu,5/5/21 4:07,20-3AC-0-00748,,434,0,0,32.5,2.0.8
dfridberg@yoda.bsd.uchicago.edu,5/5/21 4:08,20-3AC-0-00748,,440,1.02,0.064,32.16,2.0.8
dfridberg@yoda.bsd.uchicago.edu,5/5/21 4:09,20-3AC-0-00748,,432,-0.34,0,31.88,2.0.8
dfridberg@yoda.bsd.uchicago.edu,5/5/21 4:10,20-3AC-0-00748,,427,-1.19,0,31.6,2.0.8
dfridberg@yoda.bsd.uchicago.edu,5/5/21 4:11,20-3AC-0-00748,,427,-1.19,0,31.43,2.0.8
dfridberg@yoda.bsd.uchicago.edu,5/5/21 4:12,20-3AC-0-00748,,427,-1.19,0,31.54,2.0.8
dfridberg@yoda.bsd.uchicago.edu,5/5/21 4:13,20-3AC-0-00748,,432,-0.34,0,31.37,2.0.8
dfridberg@yoda.bsd.uchicago.edu,5/5/21 4:14,20-3AC-0-00748,,430,-0.68,0,31.6,2.0.8
dfridberg@yoda.bsd.uchicago.edu,5/5/21 4:15,20-3AC-0-00748,,433,-0.17,0,31.71,2.0.8
dfridberg@yoda.bsd.uchicago.edu,5/5/21 4:16,20-3AC-0-00748,,434,0,0,31.83,2.0.8
dfridberg@yoda.bsd.uchicago.edu,5/5/21 4:17,20-3AC-0-00748,,437,0.51,0,31.77,2.0.8
dfridberg@yoda.bsd.uchicago.edu,5/5/21 4:18,20-3AC-0-00748,,435,0.17,0,31.83,2.0.8
dfridberg@yoda.bsd.uchicago.edu,5/5/21 4:19,20-3AC-0-00748,,438,0.68,0,31.83,2.0.8
dfridberg@yoda.bsd.uchicago.edu,5/5/21 4:20,20-3AC-0-00748,,439,0.85,0,31.83,2.0.8
dfridberg@yoda.bsd.uchicago.edu,5/5/21 4:21,20-3AC-0-00748,,438,0.68,0,32.05,2.0.8
dfridberg@yoda.bsd.uchicago.edu,5/5/21 4:22,20-3AC-0-00748,,438,0.68,0,31.99,2.0.8
dfridberg@yoda.bsd.uchicago.edu,5/5/21 4:23,20-3AC-0-00748,,438,0.68,0,31.94,2.0.8
dfridberg@yoda.bsd.uchicago.edu,5/5/21 4:24,20-3AC-0-00748,,440,1.02,0,32.05,2.0.8
dfridberg@yoda.bsd.uchicago.edu,5/5/21 4:25,20-3AC-0-00748,,439,0.85,0,32.05,2.0.8
dfridberg@yoda.bsd.uchicago.edu,5/5/21 4:26,20-3AC-0-00748,,441,1.19,0,32.28,2.0.8
dfridberg@yoda.bsd.uchicago.edu,5/5/21 4:27,20-3AC-0-00748,,440,1.02,0,32.16,2.0.8
dfridberg@yoda.bsd.uchicago.edu,5/5/21 4:28,20-3AC-0-00748,,442,1.36,0,32.16,2.0.8
dfridberg@yoda.bsd.uchicago.edu,5/5/21 4:29,20-3AC-0-00748,,441,1.19,0,32.22,2.0.8
dfridberg@yoda.bsd.uchicago.edu,5/5/21 4:30,20-3AC-0-00748,,413,-3.58,0,33.63,2.0.8
dfridberg@yoda.bsd.uchicago.edu,5/5/21 4:31,20-3AC-0-00748,,443,1.53,0,34.3,2.0.8
dfridberg@yoda.bsd.uchicago.edu,5/5/21 4:32,20-3AC-0-00748,,462,4.77,0,34.87,2.0.8
dfridberg@yoda.bsd.uchicago.edu,5/5/21 4:33,20-3AC-0-00748,,469,5.96,0,35.15,2.0.8
dfridberg@yoda.bsd.uchicago.edu,5/5/21 4:34,20-3AC-0-00748,,464,5.11,0,35.32,2.0.8
dfridberg@yoda.bsd.uchicago.edu,5/5/21 4:35,20-3AC-0-00748,,463,4.94,0.064,35.54,2.0.8
dfridberg@yoda.bsd.uchicago.edu,5/5/21 4:36,20-3AC-0-00748,,461,4.6,0,35.6,2.0.8
dfridberg@yoda.bsd.uchicago.edu,5/5/21 4:37,20-3AC-0-00748,,460,4.43,0,35.77,2.0.8
dfridberg@yoda.bsd.uchicago.edu,5/5/21 4:38,20-3AC-0-00748,,455,3.58,0,35.66,2.0.8
dfridberg@yoda.bsd.uchicago.edu,5/5/21 4:39,20-3AC-0-00748,,474,6.81,0,34.81,2.0.8
dfridberg@yoda.bsd.uchicago.edu,5/5/21 4:40,20-3AC-0-00748,,460,4.43,0,33.74,2.0.8
dfridberg@yoda.bsd.uchicago.edu,5/5/21 4:41,20-3AC-0-00748,,442,1.36,0,33.07,2.0.8
dfridberg@yoda.bsd.uchicago.edu,5/5/21 4:42,20-3AC-0-00748,,432,-0.34,0,32.39,2.0.8
dfridberg@yoda.bsd.uchicago.edu,5/5/21 4:43,20-3AC-0-00748,,425,-1.53,0,31.99,2.0.8
dfridberg@yoda.bsd.uchicago.edu,5/5/21 4:44,20-3AC-0-00748,,421,-2.21,0,31.77,2.0.8
dfridberg@yoda.bsd.uchicago.edu,5/5/21 4:45,20-3AC-0-00748,,422,-2.04,0.064,31.66,2.0.8
dfridberg@yoda.bsd.uchicago.edu,5/5/21 4:46,20-3AC-0-00748,,421,-2.21,0.064,31.49,2.0.8
dfridberg@yoda.bsd.uchicago.edu,5/5/21 4:47,20-3AC-0-00748,,427,-1.19,0,31.37,2.0.8
dfridberg@yoda.bsd.uchicago.edu,5/5/21 4:48,20-3AC-0-00748,,420,-2.39,0,31.49,2.0.8
dfridberg@yoda.bsd.uchicago.edu,5/5/21 4:49,20-3AC-0-00748,,420,-2.39,0,31.94,2.0.8
dfridberg@yoda.bsd.uchicago.edu,5/5/21 4:50,20-3AC-0-00748,,423,-1.87,0,32.33,2.0.8
dfridberg@yoda.bsd.uchicago.edu,5/5/21 4:51,20-3AC-0-00748,,430,-0.68,0,32.67,2.0.8
dfridberg@yoda.bsd.uchicago.edu,5/5/21 4:52,20-3AC-0-00748,,433,-0.17,0,33.01,2.0.8
dfridberg@yoda.bsd.uchicago.edu,5/5/21 4:53,20-3AC-0-00748,,436,0.34,0,33.18,2.0.8
dfridberg@yoda.bsd.uchicago.edu,5/5/21 4:54,20-3AC-0-00748,,440,1.02,0,33.46,2.0.8
dfridberg@yoda.bsd.uchicago.edu,5/5/21 4:55,20-3AC-0-00748,,443,1.53,0,33.52,2.0.8
dfridberg@yoda.bsd.uchicago.edu,5/5/21 4:56,20-3AC-0-00748,,445,1.87,0,33.57,2.0.8
dfridberg@yoda.bsd.uchicago.edu,5/5/21 4:57,20-3AC-0-00748,,444,1.7,0,33.8,2.0.8
dfridberg@yoda.bsd.uchicago.edu,5/5/21 4:58,20-3AC-0-00748,,444,1.7,0,33.85,2.0.8
dfridberg@yoda.bsd.uchicago.edu,5/5/21 4:59,20-3AC-0-00748,,448,2.39,0,33.97,2.0.8
dfridberg@yoda.bsd.uchicago.edu,5/5/21 5:00,20-3AC-0-00748,,445,1.87,0,34.02,2.0.8
dfridberg@yoda.bsd.uchicago.edu,5/5/21 5:01,20-3AC-0-00748,,444,1.7,0,34.08,2.0.8
dfridberg@yoda.bsd.uchicago.edu,5/5/21 5:02,20-3AC-0-00748,,444,1.7,0,34.25,2.0.8
dfridberg@yoda.bsd.uchicago.edu,5/5/21 5:03,20-3AC-0-00748,,445,1.87,0,34.3,2.0.8
dfridberg@yoda.bsd.uchicago.edu,5/5/21 5:04,20-3AC-0-00748,,445,1.87,0,34.36,2.0.8
dfridberg@yoda.bsd.uchicago.edu,5/5/21 5:05,20-3AC-0-00748,,443,1.53,0,34.47,2.0.8
dfridberg@yoda.bsd.uchicago.edu,5/5/21 5:06,20-3AC-0-00748,,442,1.36,0,34.53,2.0.8
dfridberg@yoda.bsd.uchicago.edu,5/5/21 5:07,20-3AC-0-00748,,443,1.53,0,34.47,2.0.8
dfridberg@yoda.bsd.uchicago.edu,5/5/21 5:08,20-3AC-0-00748,,442,1.36,0,34.53,2.0.8
dfridberg@yoda.bsd.uchicago.edu,5/5/21 5:09,20-3AC-0-00748,,445,1.87,0,34.47,2.0.8
dfridberg@yoda.bsd.uchicago.edu,5/5/21 5:10,20-3AC-0-00748,,444,1.7,0,34.59,2.0.8
dfridberg@yoda.bsd.uchicago.edu,5/5/21 5:11,20-3AC-0-00748,,443,1.53,0,34.64,2.0.8
dfridberg@yoda.bsd.uchicago.edu,5/5/21 5:12,20-3AC-0-00748,,442,1.36,0,34.7,2.0.8
dfridberg@yoda.bsd.uchicago.edu,5/5/21 5:13,20-3AC-0-00748,,441,1.19,0,34.64,2.0.8
dfridberg@yoda.bsd.uchicago.edu,5/5/21 5:14,20-3AC-0-00748,,441,1.19,0,34.76,2.0.8
dfridberg@yoda.bsd.uchicago.edu,5/5/21 5:15,20-3AC-0-00748,,442,1.36,0,34.81,2.0.8
dfridberg@yoda.bsd.uchicago.edu,5/5/21 5:16,20-3AC-0-00748,,442,1.36,0,34.64,2.0.8
dfridberg@yoda.bsd.uchicago.edu,5/5/21 5:17,20-3AC-0-00748,,443,1.53,0,34.76,2.0.8
dfridberg@yoda.bsd.uchicago.edu,5/5/21 5:18,20-3AC-0-00748,,442,1.36,0,34.76,2.0.8
dfridberg@yoda.bsd.uchicago.edu,5/5/21 5:19,20-3AC-0-00748,,441,1.19,0,34.87,2.0.8
dfridberg@yoda.bsd.uchicago.edu,5/5/21 5:20,20-3AC-0-00748,,443,1.53,0,34.76,2.0.8
dfridberg@yoda.bsd.uchicago.edu,5/5/21 5:21,20-3AC-0-00748,,442,1.36,0,34.7,2.0.8
dfridberg@yoda.bsd.uchicago.edu,5/5/21 5:22,20-3AC-0-00748,,442,1.36,0.064,34.81,2.0.8
dfridberg@yoda.bsd.uchicago.edu,5/5/21 5:23,20-3AC-0-00748,,449,2.56,0,34.25,2.0.8
dfridberg@yoda.bsd.uchicago.edu,5/5/21 5:24,20-3AC-0-00748,,441,1.19,0,33.74,2.0.8
dfridberg@yoda.bsd.uchicago.edu,5/5/21 5:25,20-3AC-0-00748,,434,0,0,33.52,2.0.8
dfridberg@yoda.bsd.uchicago.edu,5/5/21 5:26,20-3AC-0-00748,,432,-0.34,0,33.35,2.0.8
dfridberg@yoda.bsd.uchicago.edu,5/5/21 5:27,20-3AC-0-00748,,430,-0.68,0,33.18,2.0.8
dfridberg@yoda.bsd.uchicago.edu,5/5/21 5:28,20-3AC-0-00748,,432,-0.34,0,33.07,2.0.8
dfridberg@yoda.bsd.uchicago.edu,5/5/21 5:29,20-3AC-0-00748,,428,-1.02,0,33.01,2.0.8
dfridberg@yoda.bsd.uchicago.edu,5/5/21 5:30,20-3AC-0-00748,,433,-0.17,0,33.01,2.0.8
dfridberg@yoda.bsd.uchicago.edu,5/5/21 5:31,20-3AC-0-00748,,430,-0.68,0,33.01,2.0.8
dfridberg@yoda.bsd.uchicago.edu,5/5/21 5:32,20-3AC-0-00748,,418,-2.73,0,33.46,2.0.8
dfridberg@yoda.bsd.uchicago.edu,5/5/21 5:33,20-3AC-0-00748,,425,-1.53,0,34.36,2.0.8
dfridberg@yoda.bsd.uchicago.edu,5/5/21 5:34,20-3AC-0-00748,,443,1.53,0.064,34.98,2.0.8
dfridberg@yoda.bsd.uchicago.edu,5/5/21 5:35,20-3AC-0-00748,,453,3.24,0.064,35.32,2.0.8
dfridberg@yoda.bsd.uchicago.edu,5/5/21 5:36,20-3AC-0-00748,,456,3.75,0,35.37,2.0.8
dfridberg@yoda.bsd.uchicago.edu,5/5/21 5:37,20-3AC-0-00748,,455,3.58,0,35.54,2.0.8
dfridberg@yoda.bsd.uchicago.edu,5/5/21 5:38,20-3AC-0-00748,,451,2.9,0,35.71,2.0.8
dfridberg@yoda.bsd.uchicago.edu,5/5/21 5:39,20-3AC-0-00748,,451,2.9,0,35.82,2.0.8
dfridberg@yoda.bsd.uchicago.edu,5/5/21 5:40,20-3AC-0-00748,,448,2.39,0,35.88,2.0.8
dfridberg@yoda.bsd.uchicago.edu,5/5/21 5:41,20-3AC-0-00748,,449,2.56,0,35.99,2.0.8
dfridberg@yoda.bsd.uchicago.edu,5/5/21 5:42,20-3AC-0-00748,,446,2.04,0,36.05,2.0.8
dfridberg@yoda.bsd.uchicago.edu,5/5/21 5:43,20-3AC-0-00748,,448,2.39,0,36.05,2.0.8
dfridberg@yoda.bsd.uchicago.edu,5/5/21 5:44,20-3AC-0-00748,,448,2.39,0,35.94,2.0.8
dfridberg@yoda.bsd.uchicago.edu,5/5/21 5:45,20-3AC-0-00748,,443,1.53,0,35.88,2.0.8
dfridberg@yoda.bsd.uchicago.edu,5/5/21 5:46,20-3AC-0-00748,,440,1.02,0,35.71,2.0.8
dfridberg@yoda.bsd.uchicago.edu,5/5/21 5:47,20-3AC-0-00748,,439,0.85,0,35.6,2.0.8
dfridberg@yoda.bsd.uchicago.edu,5/5/21 5:48,20-3AC-0-00748,,436,0.34,0,35.6,2.0.8
dfridberg@yoda.bsd.uchicago.edu,5/5/21 5:49,20-3AC-0-00748,,438,0.68,0,35.49,2.0.8
dfridberg@yoda.bsd.uchicago.edu,5/5/21 5:50,20-3AC-0-00748,,434,0,0,35.66,2.0.8
dfridberg@yoda.bsd.uchicago.edu,5/5/21 5:51,20-3AC-0-00748,,432,-0.34,0,35.49,2.0.8
dfridberg@yoda.bsd.uchicago.edu,5/5/21 5:52,20-3AC-0-00748,,437,0.51,0,35.6,2.0.8
dfridberg@yoda.bsd.uchicago.edu,5/5/21 5:53,20-3AC-0-00748,,438,0.68,0,35.54,2.0.8
dfridberg@yoda.bsd.uchicago.edu,5/5/21 5:54,20-3AC-0-00748,,437,0.51,0,35.43,2.0.8
dfridberg@yoda.bsd.uchicago.edu,5/5/21 5:55,20-3AC-0-00748,,439,0.85,0,35.54,2.0.8
dfridberg@yoda.bsd.uchicago.edu,5/5/21 5:56,20-3AC-0-00748,,438,0.68,0,35.43,2.0.8
dfridberg@yoda.bsd.uchicago.edu,5/5/21 5:57,20-3AC-0-00748,,436,0.34,0,35.54,2.0.8
dfridberg@yoda.bsd.uchicago.edu,5/5/21 5:58,20-3AC-0-00748,,438,0.68,0,35.54,2.0.8
dfridberg@yoda.bsd.uchicago.edu,5/5/21 5:59,20-3AC-0-00748,,437,0.51,0,35.54,2.0.8
dfridberg@yoda.bsd.uchicago.edu,5/5/21 6:00,20-3AC-0-00748,,438,0.68,0,35.43,2.0.8
dfridberg@yoda.bsd.uchicago.edu,5/5/21 6:01,20-3AC-0-00748,,437,0.51,0,35.71,2.0.8
dfridberg@yoda.bsd.uchicago.edu,5/5/21 6:02,20-3AC-0-00748,,435,0.17,0,35.6,2.0.8
dfridberg@yoda.bsd.uchicago.edu,5/5/21 6:03,20-3AC-0-00748,,439,0.85,0,35.6,2.0.8
dfridberg@yoda.bsd.uchicago.edu,5/5/21 6:04,20-3AC-0-00748,,440,1.02,0,35.54,2.0.8
dfridberg@yoda.bsd.uchicago.edu,5/5/21 6:05,20-3AC-0-00748,,438,0.68,0,35.6,2.0.8
dfridberg@yoda.bsd.uchicago.edu,5/5/21 6:06,20-3AC-0-00748,,438,0.68,0,35.66,2.0.8
dfridberg@yoda.bsd.uchicago.edu,5/5/21 6:07,20-3AC-0-00748,,441,1.19,0,35.71,2.0.8
dfridberg@yoda.bsd.uchicago.edu,5/5/21 6:08,20-3AC-0-00748,,439,0.85,0.064,35.71,2.0.8
dfridberg@yoda.bsd.uchicago.edu,5/5/21 6:09,20-3AC-0-00748,,438,0.68,0,35.66,2.0.8
dfridberg@yoda.bsd.uchicago.edu,5/5/21 6:10,20-3AC-0-00748,,439,0.85,0.064,35.77,2.0.8
dfridberg@yoda.bsd.uchicago.edu,5/5/21 6:11,20-3AC-0-00748,,446,2.04,0,35.49,2.0.8
dfridberg@yoda.bsd.uchicago.edu,5/5/21 6:12,20-3AC-0-00748,,439,0.85,0.064,35.21,2.0.8
dfridberg@yoda.bsd.uchicago.edu,5/5/21 6:13,20-3AC-0-00748,,441,1.19,0,34.47,2.0.8
dfridberg@yoda.bsd.uchicago.edu,5/5/21 6:14,20-3AC-0-00748,,434,0,0,34.19,2.0.8
dfridberg@yoda.bsd.uchicago.edu,5/5/21 6:15,20-3AC-0-00748,,435,0.17,0.064,33.91,2.0.8
dfridberg@yoda.bsd.uchicago.edu,5/5/21 6:16,20-3AC-0-00748,,446,2.04,0.064,33.12,2.0.8
dfridberg@yoda.bsd.uchicago.edu,5/5/21 6:17,20-3AC-0-00748,,423,-1.87,0,32.84,2.0.8
dfridberg@yoda.bsd.uchicago.edu,5/5/21 6:18,20-3AC-0-00748,,412,-3.75,0,33.4,2.0.8
dfridberg@yoda.bsd.uchicago.edu,5/5/21 6:19,20-3AC-0-00748,,417,-2.9,0,33.74,2.0.8
dfridberg@yoda.bsd.uchicago.edu,5/5/21 6:20,20-3AC-0-00748,,423,-1.87,0,34.08,2.0.8
dfridberg@yoda.bsd.uchicago.edu,5/5/21 6:21,20-3AC-0-00748,,432,-0.34,0,34.59,2.0.8
dfridberg@yoda.bsd.uchicago.edu,5/5/21 6:22,20-3AC-0-00748,,438,0.68,0,34.64,2.0.8
dfridberg@yoda.bsd.uchicago.edu,5/5/21 6:23,20-3AC-0-00748,,438,0.68,0,34.92,2.0.8
dfridberg@yoda.bsd.uchicago.edu,5/5/21 6:24,20-3AC-0-00748,,441,1.19,0,35.04,2.0.8
dfridberg@yoda.bsd.uchicago.edu,5/5/21 6:25,20-3AC-0-00748,,444,1.7,0,35.04,2.0.8
dfridberg@yoda.bsd.uchicago.edu,5/5/21 6:26,20-3AC-0-00748,,445,1.87,0,35.21,2.0.8
dfridberg@yoda.bsd.uchicago.edu,5/5/21 6:27,20-3AC-0-00748,,445,1.87,0,35.43,2.0.8
dfridberg@yoda.bsd.uchicago.edu,5/5/21 6:28,20-3AC-0-00748,,444,1.7,0,35.54,2.0.8
dfridberg@yoda.bsd.uchicago.edu,5/5/21 6:29,20-3AC-0-00748,,445,1.87,0,35.66,2.0.8
dfridberg@yoda.bsd.uchicago.edu,5/5/21 6:30,20-3AC-0-00748,,444,1.7,0,35.71,2.0.8
dfridberg@yoda.bsd.uchicago.edu,5/5/21 6:31,20-3AC-0-00748,,441,1.19,0,35.88,2.0.8
dfridberg@yoda.bsd.uchicago.edu,5/5/21 6:32,20-3AC-0-00748,,446,2.04,0,35.94,2.0.8
dfridberg@yoda.bsd.uchicago.edu,5/5/21 6:33,20-3AC-0-00748,,444,1.7,0,35.99,2.0.8
dfridberg@yoda.bsd.uchicago.edu,5/5/21 6:34,20-3AC-0-00748,,440,1.02,0,36.11,2.0.8
dfridberg@yoda.bsd.uchicago.edu,5/5/21 6:35,20-3AC-0-00748,,441,1.19,0,35.99,2.0.8
dfridberg@yoda.bsd.uchicago.edu,5/5/21 6:36,20-3AC-0-00748,,440,1.02,0,36.05,2.0.8
dfridberg@yoda.bsd.uchicago.edu,5/5/21 6:37,20-3AC-0-00748,,440,1.02,0,36.11,2.0.8
dfridberg@yoda.bsd.uchicago.edu,5/5/21 6:38,20-3AC-0-00748,,439,0.85,0,36.11,2.0.8
dfridberg@yoda.bsd.uchicago.edu,5/5/21 6:39,20-3AC-0-00748,,440,1.02,0,36.16,2.0.8
dfridberg@yoda.bsd.uchicago.edu,5/5/21 6:40,20-3AC-0-00748,,437,0.51,0,36.16,2.0.8
dfridberg@yoda.bsd.uchicago.edu,5/5/21 6:41,20-3AC-0-00748,,440,1.02,0,36.16,2.0.8
dfridberg@yoda.bsd.uchicago.edu,5/5/21 6:42,20-3AC-0-00748,,438,0.68,0,36.22,2.0.8
dfridberg@yoda.bsd.uchicago.edu,5/5/21 6:43,20-3AC-0-00748,,440,1.02,0,36.39,2.0.8
dfridberg@yoda.bsd.uchicago.edu,5/5/21 6:44,20-3AC-0-00748,,440,1.02,0,36.44,2.0.8
dfridberg@yoda.bsd.uchicago.edu,5/5/21 6:45,20-3AC-0-00748,,439,0.85,0,36.44,2.0.8
dfridberg@yoda.bsd.uchicago.edu,5/5/21 6:46,20-3AC-0-00748,,441,1.19,0,36.44,2.0.8
dfridberg@yoda.bsd.uchicago.edu,5/5/21 6:47,20-3AC-0-00748,,440,1.02,0,36.44,2.0.8
dfridberg@yoda.bsd.uchicago.edu,5/5/21 6:48,20-3AC-0-00748,,437,0.51,0,36.44,2.0.8
dfridberg@yoda.bsd.uchicago.edu,5/5/21 6:49,20-3AC-0-00748,,438,0.68,0,36.5,2.0.8
dfridberg@yoda.bsd.uchicago.edu,5/5/21 6:50,20-3AC-0-00748,,444,1.7,0,36.5,2.0.8
dfridberg@yoda.bsd.uchicago.edu,5/5/21 6:51,20-3AC-0-00748,,442,1.36,0,36.22,2.0.8
dfridberg@yoda.bsd.uchicago.edu,5/5/21 6:52,20-3AC-0-00748,,439,0.85,0,36.05,2.0.8
dfridberg@yoda.bsd.uchicago.edu,5/5/21 6:53,20-3AC-0-00748,,438,0.68,0,35.94,2.0.8
dfridberg@yoda.bsd.uchicago.edu,5/5/21 6:54,20-3AC-0-00748,,439,0.85,0,35.94,2.0.8
dfridberg@yoda.bsd.uchicago.edu,5/5/21 6:55,20-3AC-0-00748,,436,0.34,0.064,35.77,2.0.8
dfridberg@yoda.bsd.uchicago.edu,5/5/21 6:56,20-3AC-0-00748,,437,0.51,0,35.77,2.0.8
dfridberg@yoda.bsd.uchicago.edu,5/5/21 6:57,20-3AC-0-00748,,437,0.51,0,35.66,2.0.8
dfridberg@yoda.bsd.uchicago.edu,5/5/21 6:58,20-3AC-0-00748,,435,0.17,0,35.77,2.0.8
dfridberg@yoda.bsd.uchicago.edu,5/5/21 6:59,20-3AC-0-00748,,436,0.34,0,35.71,2.0.8
dfridberg@yoda.bsd.uchicago.edu,5/5/21 7:00,20-3AC-0-00748,,435,0.17,0,35.71,2.0.8
dfridberg@yoda.bsd.uchicago.edu,5/5/21 7:01,20-3AC-0-00748,,435,0.17,0,35.77,2.0.8
dfridberg@yoda.bsd.uchicago.edu,5/5/21 7:02,20-3AC-0-00748,,435,0.17,0.064,35.71,2.0.8
dfridberg@yoda.bsd.uchicago.edu,5/5/21 7:03,20-3AC-0-00748,,447,2.21,0.064,34.81,2.0.8
dfridberg@yoda.bsd.uchicago.edu,5/5/21 7:04,20-3AC-0-00748,,439,0.85,0,34.02,2.0.8
dfridberg@yoda.bsd.uchicago.edu,5/5/21 7:05,20-3AC-0-00748,,431,-0.51,0,33.4,2.0.8
dfridberg@yoda.bsd.uchicago.edu,5/5/21 7:06,20-3AC-0-00748,,422,-2.04,0,33.07,2.0.8
dfridberg@yoda.bsd.uchicago.edu,5/5/21 7:07,20-3AC-0-00748,,422,-2.04,0,32.73,2.0.8
dfridberg@yoda.bsd.uchicago.edu,5/5/21 7:08,20-3AC-0-00748,,405,-4.94,0,33.01,2.0.8
dfridberg@yoda.bsd.uchicago.edu,5/5/21 7:09,20-3AC-0-00748,,403,-5.28,0,34.3,2.0.8
dfridberg@yoda.bsd.uchicago.edu,5/5/21 7:10,20-3AC-0-00748,,435,0.17,0,34.98,2.0.8
dfridberg@yoda.bsd.uchicago.edu,5/5/21 7:11,20-3AC-0-00748,,446,2.04,0,35.49,2.0.8
dfridberg@yoda.bsd.uchicago.edu,5/5/21 7:12,20-3AC-0-00748,,448,2.39,0,35.77,2.0.8
dfridberg@yoda.bsd.uchicago.edu,5/5/21 7:13,20-3AC-0-00748,,449,2.56,0,35.71,2.0.8
dfridberg@yoda.bsd.uchicago.edu,5/5/21 7:14,20-3AC-0-00748,,447,2.21,0,35.94,2.0.8
dfridberg@yoda.bsd.uchicago.edu,5/5/21 7:15,20-3AC-0-00748,,446,2.04,0,36.16,2.0.8
dfridberg@yoda.bsd.uchicago.edu,5/5/21 7:16,20-3AC-0-00748,,444,1.7,0,36.22,2.0.8
dfridberg@yoda.bsd.uchicago.edu,5/5/21 7:17,20-3AC-0-00748,,444,1.7,0,36.28,2.0.8
dfridberg@yoda.bsd.uchicago.edu,5/5/21 7:18,20-3AC-0-00748,,444,1.7,0,36.22,2.0.8
dfridberg@yoda.bsd.uchicago.edu,5/5/21 7:19,20-3AC-0-00748,,444,1.7,0,36.33,2.0.8
dfridberg@yoda.bsd.uchicago.edu,5/5/21 7:20,20-3AC-0-00748,,442,1.36,0,36.33,2.0.8
dfridberg@yoda.bsd.uchicago.edu,5/5/21 7:21,20-3AC-0-00748,,441,1.19,0,36.39,2.0.8
dfridberg@yoda.bsd.uchicago.edu,5/5/21 7:22,20-3AC-0-00748,,440,1.02,0,36.39,2.0.8
dfridberg@yoda.bsd.uchicago.edu,5/5/21 7:23,20-3AC-0-00748,,440,1.02,0,36.44,2.0.8
dfridberg@yoda.bsd.uchicago.edu,5/5/21 7:24,20-3AC-0-00748,,440,1.02,0,36.44,2.0.8
dfridberg@yoda.bsd.uchicago.edu,5/5/21 7:25,20-3AC-0-00748,,440,1.02,0,36.44,2.0.8
dfridberg@yoda.bsd.uchicago.edu,5/5/21 7:26,20-3AC-0-00748,,438,0.68,0,36.5,2.0.8
dfridberg@yoda.bsd.uchicago.edu,5/5/21 7:27,20-3AC-0-00748,,438,0.68,0,36.56,2.0.8
dfridberg@yoda.bsd.uchicago.edu,5/5/21 7:28,20-3AC-0-00748,,440,1.02,0,36.61,2.0.8
dfridberg@yoda.bsd.uchicago.edu,5/5/21 7:29,20-3AC-0-00748,,438,0.68,0,36.61,2.0.8
dfridberg@yoda.bsd.uchicago.edu,5/5/21 7:30,20-3AC-0-00748,,438,0.68,0,36.67,2.0.8
dfridberg@yoda.bsd.uchicago.edu,5/5/21 7:31,20-3AC-0-00748,,438,0.68,0,36.56,2.0.8
dfridberg@yoda.bsd.uchicago.edu,5/5/21 7:32,20-3AC-0-00748,,441,1.19,0,36.33,2.0.8
dfridberg@yoda.bsd.uchicago.edu,5/5/21 7:33,20-3AC-0-00748,,441,1.19,0,36.28,2.0.8
dfridberg@yoda.bsd.uchicago.edu,5/5/21 7:34,20-3AC-0-00748,,438,0.68,0,36.16,2.0.8
dfridberg@yoda.bsd.uchicago.edu,5/5/21 7:35,20-3AC-0-00748,,438,0.68,0,36.16,2.0.8
dfridberg@yoda.bsd.uchicago.edu,5/5/21 7:36,20-3AC-0-00748,,436,0.34,0,36.05,2.0.8
dfridberg@yoda.bsd.uchicago.edu,5/5/21 7:37,20-3AC-0-00748,,435,0.17,0,35.99,2.0.8
dfridberg@yoda.bsd.uchicago.edu,5/5/21 7:38,20-3AC-0-00748,,435,0.17,0,36.11,2.0.8
dfridberg@yoda.bsd.uchicago.edu,5/5/21 7:39,20-3AC-0-00748,,435,0.17,0,36.16,2.0.8
dfridberg@yoda.bsd.uchicago.edu,5/5/21 7:40,20-3AC-0-00748,,434,0,0,36.22,2.0.8
dfridberg@yoda.bsd.uchicago.edu,5/5/21 7:41,20-3AC-0-00748,,435,0.17,0,36.28,2.0.8
dfridberg@yoda.bsd.uchicago.edu,5/5/21 7:42,20-3AC-0-00748,,436,0.34,0,36.28,2.0.8
dfridberg@yoda.bsd.uchicago.edu,5/5/21 7:43,20-3AC-0-00748,,434,0,0,36.28,2.0.8
dfridberg@yoda.bsd.uchicago.edu,5/5/21 7:44,20-3AC-0-00748,,435,0.17,0,36.28,2.0.8
dfridberg@yoda.bsd.uchicago.edu,5/5/21 7:45,20-3AC-0-00748,,435,0.17,0,36.28,2.0.8
dfridberg@yoda.bsd.uchicago.edu,5/5/21 7:46,20-3AC-0-00748,,434,0,0,36.33,2.0.8
dfridberg@yoda.bsd.uchicago.edu,5/5/21 7:47,20-3AC-0-00748,,435,0.17,0,36.33,2.0.8
dfridberg@yoda.bsd.uchicago.edu,5/5/21 7:48,20-3AC-0-00748,,436,0.34,0,36.39,2.0.8
dfridberg@yoda.bsd.uchicago.edu,5/5/21 7:49,20-3AC-0-00748,,438,0.68,0,36.44,2.0.8
dfridberg@yoda.bsd.uchicago.edu,5/5/21 7:50,20-3AC-0-00748,,436,0.34,0,36.5,2.0.8
dfridberg@yoda.bsd.uchicago.edu,5/5/21 7:51,20-3AC-0-00748,,437,0.51,0,36.61,2.0.8
dfridberg@yoda.bsd.uchicago.edu,5/5/21 7:52,20-3AC-0-00748,,439,0.85,0,36.44,2.0.8
dfridberg@yoda.bsd.uchicago.edu,5/5/21 7:53,20-3AC-0-00748,,436,0.34,0,36.5,2.0.8
dfridberg@yoda.bsd.uchicago.edu,5/5/21 7:54,20-3AC-0-00748,,438,0.68,0.064,36.5,2.0.8
dfridberg@yoda.bsd.uchicago.edu,5/5/21 7:55,20-3AC-0-00748,,440,1.02,0,36.22,2.0.8
dfridberg@yoda.bsd.uchicago.edu,5/5/21 7:56,20-3AC-0-00748,,436,0.34,0,36.16,2.0.8
dfridberg@yoda.bsd.uchicago.edu,5/5/21 7:57,20-3AC-0-00748,,434,0,0,36.05,2.0.8
dfridberg@yoda.bsd.uchicago.edu,5/5/21 7:58,20-3AC-0-00748,,434,0,0,36.16,2.0.8
dfridberg@yoda.bsd.uchicago.edu,5/5/21 7:59,20-3AC-0-00748,,434,0,0,36.16,2.0.8
dfridberg@yoda.bsd.uchicago.edu,5/5/21 8:00,20-3AC-0-00748,,433,-0.17,0.064,36.16,2.0.8
dfridberg@yoda.bsd.uchicago.edu,5/5/21 8:01,20-3AC-0-00748,,438,0.68,0,36.16,2.0.8
dfridberg@yoda.bsd.uchicago.edu,5/5/21 8:02,20-3AC-0-00748,,437,0.51,0,36.16,2.0.8
dfridberg@yoda.bsd.uchicago.edu,5/5/21 8:03,20-3AC-0-00748,,439,0.85,0,36.22,2.0.8
dfridberg@yoda.bsd.uchicago.edu,5/5/21 8:04,20-3AC-0-00748,,438,0.68,0,36.16,2.0.8
dfridberg@yoda.bsd.uchicago.edu,5/5/21 8:05,20-3AC-0-00748,,439,0.85,0,36.33,2.0.8
dfridberg@yoda.bsd.uchicago.edu,5/5/21 8:06,20-3AC-0-00748,,437,0.51,0,36.28,2.0.8
dfridberg@yoda.bsd.uchicago.edu,5/5/21 8:07,20-3AC-0-00748,,437,0.51,0,36.39,2.0.8
dfridberg@yoda.bsd.uchicago.edu,5/5/21 8:08,20-3AC-0-00748,,438,0.68,0,36.39,2.0.8
dfridberg@yoda.bsd.uchicago.edu,5/5/21 8:09,20-3AC-0-00748,,438,0.68,0,36.44,2.0.8
dfridberg@yoda.bsd.uchicago.edu,5/5/21 8:10,20-3AC-0-00748,,440,1.02,0,36.44,2.0.8
dfridberg@yoda.bsd.uchicago.edu,5/5/21 8:11,20-3AC-0-00748,,437,0.51,0,36.39,2.0.8
dfridberg@yoda.bsd.uchicago.edu,5/5/21 8:12,20-3AC-0-00748,,438,0.68,0,36.33,2.0.8
dfridberg@yoda.bsd.uchicago.edu,5/5/21 8:13,20-3AC-0-00748,,439,0.85,0,36.44,2.0.8
dfridberg@yoda.bsd.uchicago.edu,5/5/21 8:14,20-3AC-0-00748,,437,0.51,0,36.39,2.0.8
dfridberg@yoda.bsd.uchicago.edu,5/5/21 8:15,20-3AC-0-00748,,437,0.51,0,36.39,2.0.8
dfridberg@yoda.bsd.uchicago.edu,5/5/21 8:16,20-3AC-0-00748,,435,0.17,0,36.44,2.0.8
dfridberg@yoda.bsd.uchicago.edu,5/5/21 8:17,20-3AC-0-00748,,437,0.51,0,36.39,2.0.8
dfridberg@yoda.bsd.uchicago.edu,5/5/21 8:18,20-3AC-0-00748,,437,0.51,0.064,36.5,2.0.8
dfridberg@yoda.bsd.uchicago.edu,5/5/21 8:19,20-3AC-0-00748,,454,3.41,0,35.82,2.0.8
dfridberg@yoda.bsd.uchicago.edu,5/5/21 8:20,20-3AC-0-00748,,444,1.7,0,34.81,2.0.8
dfridberg@yoda.bsd.uchicago.edu,5/5/21 8:21,20-3AC-0-00748,,431,-0.51,0,33.97,2.0.8
dfridberg@yoda.bsd.uchicago.edu,5/5/21 8:22,20-3AC-0-00748,,426,-1.36,0,33.57,2.0.8
dfridberg@yoda.bsd.uchicago.edu,5/5/21 8:23,20-3AC-0-00748,,423,-1.87,0,33.18,2.0.8
dfridberg@yoda.bsd.uchicago.edu,5/5/21 8:24,20-3AC-0-00748,,419,-2.56,0,32.84,2.0.8
dfridberg@yoda.bsd.uchicago.edu,5/5/21 8:25,20-3AC-0-00748,,422,-2.04,0,32.78,2.0.8
dfridberg@yoda.bsd.uchicago.edu,5/5/21 8:26,20-3AC-0-00748,,423,-1.87,0,32.45,2.0.8
dfridberg@yoda.bsd.uchicago.edu,5/5/21 8:27,20-3AC-0-00748,,425,-1.53,0,32.28,2.0.8
dfridberg@yoda.bsd.uchicago.edu,5/5/21 8:28,20-3AC-0-00748,,423,-1.87,0.064,32.28,2.0.8
dfridberg@yoda.bsd.uchicago.edu,5/5/21 8:29,20-3AC-0-00748,,400,-5.79,0,33.69,2.0.8
dfridberg@yoda.bsd.uchicago.edu,5/5/21 8:30,20-3AC-0-00748,,425,-1.53,0,34.42,2.0.8
dfridberg@yoda.bsd.uchicago.edu,5/5/21 8:31,20-3AC-0-00748,,443,1.53,0,34.76,2.0.8
dfridberg@yoda.bsd.uchicago.edu,5/5/21 8:32,20-3AC-0-00748,,448,2.39,0,35.09,2.0.8
dfridberg@yoda.bsd.uchicago.edu,5/5/21 8:33,20-3AC-0-00748,,450,2.73,0,35.32,2.0.8
dfridberg@yoda.bsd.uchicago.edu,5/5/21 8:34,20-3AC-0-00748,,449,2.56,0,35.49,2.0.8
dfridberg@yoda.bsd.uchicago.edu,5/5/21 8:35,20-3AC-0-00748,,449,2.56,0,35.6,2.0.8
dfridberg@yoda.bsd.uchicago.edu,5/5/21 8:36,20-3AC-0-00748,,448,2.39,0,35.66,2.0.8
dfridberg@yoda.bsd.uchicago.edu,5/5/21 8:37,20-3AC-0-00748,,446,2.04,0,35.88,2.0.8
dfridberg@yoda.bsd.uchicago.edu,5/5/21 8:38,20-3AC-0-00748,,444,1.7,0,35.88,2.0.8
dfridberg@yoda.bsd.uchicago.edu,5/5/21 8:39,20-3AC-0-00748,,444,1.7,0,35.99,2.0.8
dfridberg@yoda.bsd.uchicago.edu,5/5/21 8:40,20-3AC-0-00748,,444,1.7,0,35.99,2.0.8
dfridberg@yoda.bsd.uchicago.edu,5/5/21 8:41,20-3AC-0-00748,,445,1.87,0.064,35.99,2.0.8
dfridberg@yoda.bsd.uchicago.edu,5/5/21 8:42,20-3AC-0-00748,,445,1.87,0.064,35.6,2.0.8
dfridberg@yoda.bsd.uchicago.edu,5/5/21 8:43,20-3AC-0-00748,,441,1.19,0.064,35.37,2.0.8
dfridberg@yoda.bsd.uchicago.edu,5/5/21 8:44,20-3AC-0-00748,,440,1.02,0,35.32,2.0.8
dfridberg@yoda.bsd.uchicago.edu,5/5/21 8:45,20-3AC-0-00748,,438,0.68,0,35.21,2.0.8
dfridberg@yoda.bsd.uchicago.edu,5/5/21 8:46,20-3AC-0-00748,,437,0.51,0,35.21,2.0.8
dfridberg@yoda.bsd.uchicago.edu,5/5/21 8:47,20-3AC-0-00748,,436,0.34,0.064,35.04,2.0.8
dfridberg@yoda.bsd.uchicago.edu,5/5/21 8:48,20-3AC-0-00748,,437,0.51,0.064,35.21,2.0.8
dfridberg@yoda.bsd.uchicago.edu,5/5/21 8:49,20-3AC-0-00748,,436,0.34,0,35.09,2.0.8
dfridberg@yoda.bsd.uchicago.edu,5/5/21 8:50,20-3AC-0-00748,,433,-0.17,0,35.09,2.0.8
dfridberg@yoda.bsd.uchicago.edu,5/5/21 8:51,20-3AC-0-00748,,435,0.17,0,35.15,2.0.8
dfridberg@yoda.bsd.uchicago.edu,5/5/21 8:52,20-3AC-0-00748,,435,0.17,0,35.21,2.0.8
dfridberg@yoda.bsd.uchicago.edu,5/5/21 8:53,20-3AC-0-00748,,438,0.68,0,35.09,2.0.8
dfridberg@yoda.bsd.uchicago.edu,5/5/21 8:54,20-3AC-0-00748,,437,0.51,0,35.21,2.0.8
dfridberg@yoda.bsd.uchicago.edu,5/5/21 8:55,20-3AC-0-00748,,433,-0.17,0,35.09,2.0.8
dfridberg@yoda.bsd.uchicago.edu,5/5/21 8:56,20-3AC-0-00748,,437,0.51,0,35.21,2.0.8
dfridberg@yoda.bsd.uchicago.edu,5/5/21 8:57,20-3AC-0-00748,,436,0.34,0,35.15,2.0.8
dfridberg@yoda.bsd.uchicago.edu,5/5/21 8:58,20-3AC-0-00748,,435,0.17,0,35.26,2.0.8
dfridberg@yoda.bsd.uchicago.edu,5/5/21 8:59,20-3AC-0-00748,,437,0.51,0,35.21,2.0.8
dfridberg@yoda.bsd.uchicago.edu,5/5/21 9:00,20-3AC-0-00748,,438,0.68,0,35.21,2.0.8
dfridberg@yoda.bsd.uchicago.edu,5/5/21 9:01,20-3AC-0-00748,,435,0.17,0,35.32,2.0.8
dfridberg@yoda.bsd.uchicago.edu,5/5/21 9:02,20-3AC-0-00748,,435,0.17,0,35.26,2.0.8
dfridberg@yoda.bsd.uchicago.edu,5/5/21 9:03,20-3AC-0-00748,,435,0.17,0,35.37,2.0.8
dfridberg@yoda.bsd.uchicago.edu,5/5/21 9:04,20-3AC-0-00748,,437,0.51,0,35.43,2.0.8
dfridberg@yoda.bsd.uchicago.edu,5/5/21 9:05,20-3AC-0-00748,,435,0.17,0,35.37,2.0.8
dfridberg@yoda.bsd.uchicago.edu,5/5/21 9:06,20-3AC-0-00748,,436,0.34,0,35.43,2.0.8
dfridberg@yoda.bsd.uchicago.edu,5/5/21 9:07,20-3AC-0-00748,,435,0.17,0,35.49,2.0.8
dfridberg@yoda.bsd.uchicago.edu,5/5/21 9:08,20-3AC-0-00748,,437,0.51,0,35.49,2.0.8
dfridberg@yoda.bsd.uchicago.edu,5/5/21 9:09,20-3AC-0-00748,,440,1.02,0,35.49,2.0.8
dfridberg@yoda.bsd.uchicago.edu,5/5/21 9:10,20-3AC-0-00748,,439,0.85,0,35.54,2.0.8
dfridberg@yoda.bsd.uchicago.edu,5/5/21 9:11,20-3AC-0-00748,,441,1.19,0,35.54,2.0.8
dfridberg@yoda.bsd.uchicago.edu,5/5/21 9:12,20-3AC-0-00748,,438,0.68,0,35.66,2.0.8
dfridberg@yoda.bsd.uchicago.edu,5/5/21 9:13,20-3AC-0-00748,,439,0.85,0,35.49,2.0.8
dfridberg@yoda.bsd.uchicago.edu,5/5/21 9:14,20-3AC-0-00748,,438,0.68,0.128,35.6,2.0.8
dfridberg@yoda.bsd.uchicago.edu,5/5/21 9:15,20-3AC-0-00748,,434,0,0,35.88,2.0.8
dfridberg@yoda.bsd.uchicago.edu,5/5/21 9:16,20-3AC-0-00748,,433,-0.17,0,35.99,2.0.8
dfridberg@yoda.bsd.uchicago.edu,5/5/21 9:17,20-3AC-0-00748,,437,0.51,0,36.33,2.0.8
dfridberg@yoda.bsd.uchicago.edu,5/5/21 9:18,20-3AC-0-00748,,442,1.36,0,36.44,2.0.8
dfridberg@yoda.bsd.uchicago.edu,5/5/21 9:19,20-3AC-0-00748,,441,1.19,0,36.33,2.0.8
dfridberg@yoda.bsd.uchicago.edu,5/5/21 9:20,20-3AC-0-00748,,442,1.36,0,36.44,2.0.8
dfridberg@yoda.bsd.uchicago.edu,5/5/21 9:21,20-3AC-0-00748,,441,1.19,0,36.5,2.0.8
dfridberg@yoda.bsd.uchicago.edu,5/5/21 9:22,20-3AC-0-00748,,439,0.85,0,36.5,2.0.8
dfridberg@yoda.bsd.uchicago.edu,5/5/21 9:23,20-3AC-0-00748,,438,0.68,0,36.5,2.0.8
dfridberg@yoda.bsd.uchicago.edu,5/5/21 9:24,20-3AC-0-00748,,440,1.02,0,36.61,2.0.8
dfridberg@yoda.bsd.uchicago.edu,5/5/21 9:25,20-3AC-0-00748,,440,1.02,0,36.61,2.0.8
dfridberg@yoda.bsd.uchicago.edu,5/5/21 9:26,20-3AC-0-00748,,439,0.85,0,36.56,2.0.8
dfridberg@yoda.bsd.uchicago.edu,5/5/21 9:27,20-3AC-0-00748,,439,0.85,0,36.61,2.0.8
dfridberg@yoda.bsd.uchicago.edu,5/5/21 9:28,20-3AC-0-00748,,438,0.68,0.064,36.56,2.0.8
dfridberg@yoda.bsd.uchicago.edu,5/5/21 9:29,20-3AC-0-00748,,440,1.02,0,36.67,2.0.8
dfridberg@yoda.bsd.uchicago.edu,5/5/21 9:30,20-3AC-0-00748,,438,0.68,0,36.67,2.0.8
dfridberg@yoda.bsd.uchicago.edu,5/5/21 9:31,20-3AC-0-00748,,441,1.19,0,36.61,2.0.8
dfridberg@yoda.bsd.uchicago.edu,5/5/21 9:32,20-3AC-0-00748,,439,0.85,0,36.73,2.0.8
dfridberg@yoda.bsd.uchicago.edu,5/5/21 9:33,20-3AC-0-00748,,438,0.68,0,36.67,2.0.8
dfridberg@yoda.bsd.uchicago.edu,5/5/21 9:34,20-3AC-0-00748,,441,1.19,0.064,36.61,2.0.8
dfridberg@yoda.bsd.uchicago.edu,5/5/21 9:35,20-3AC-0-00748,,446,2.04,0,35.66,2.0.8
dfridberg@yoda.bsd.uchicago.edu,5/5/21 9:36,20-3AC-0-00748,,432,-0.34,0,35.21,2.0.8
dfridberg@yoda.bsd.uchicago.edu,5/5/21 9:37,20-3AC-0-00748,,432,-0.34,0,34.87,2.0.8
dfridberg@yoda.bsd.uchicago.edu,5/5/21 9:38,20-3AC-0-00748,,429,-0.85,0,34.7,2.0.8
dfridberg@yoda.bsd.uchicago.edu,5/5/21 9:39,20-3AC-0-00748,,428,-1.02,0,34.53,2.0.8
dfridberg@yoda.bsd.uchicago.edu,5/5/21 9:40,20-3AC-0-00748,,431,-0.51,0,34.59,2.0.8
dfridberg@yoda.bsd.uchicago.edu,5/5/21 9:41,20-3AC-0-00748,,433,-0.17,0,34.42,2.0.8
dfridberg@yoda.bsd.uchicago.edu,5/5/21 9:42,20-3AC-0-00748,,430,-0.68,0,34.47,2.0.8
dfridberg@yoda.bsd.uchicago.edu,5/5/21 9:43,20-3AC-0-00748,,434,0,0,34.36,2.0.8
dfridberg@yoda.bsd.uchicago.edu,5/5/21 9:44,20-3AC-0-00748,,439,0.85,0,34.08,2.0.8
dfridberg@yoda.bsd.uchicago.edu,5/5/21 9:45,20-3AC-0-00748,,433,-0.17,0,34.02,2.0.8
dfridberg@yoda.bsd.uchicago.edu,5/5/21 9:46,20-3AC-0-00748,,430,-0.68,0,34.08,2.0.8
dfridberg@yoda.bsd.uchicago.edu,5/5/21 9:47,20-3AC-0-00748,,429,-0.85,0,34.08,2.0.8
dfridberg@yoda.bsd.uchicago.edu,5/5/21 9:48,20-3AC-0-00748,,431,-0.51,0,34.14,2.0.8
dfridberg@yoda.bsd.uchicago.edu,5/5/21 9:49,20-3AC-0-00748,,430,-0.68,0,34.25,2.0.8
dfridberg@yoda.bsd.uchicago.edu,5/5/21 9:50,20-3AC-0-00748,,431,-0.51,0,34.25,2.0.8
dfridberg@yoda.bsd.uchicago.edu,5/5/21 9:51,20-3AC-0-00748,,435,0.17,0,34.36,2.0.8
dfridberg@yoda.bsd.uchicago.edu,5/5/21 9:52,20-3AC-0-00748,,435,0.17,0,34.42,2.0.8
dfridberg@yoda.bsd.uchicago.edu,5/5/21 9:53,20-3AC-0-00748,,436,0.34,0,34.47,2.0.8
dfridberg@yoda.bsd.uchicago.edu,5/5/21 9:54,20-3AC-0-00748,,436,0.34,0,34.53,2.0.8
dfridberg@yoda.bsd.uchicago.edu,5/5/21 9:55,20-3AC-0-00748,,429,-0.85,0,34.7,2.0.8
dfridberg@yoda.bsd.uchicago.edu,5/5/21 9:56,20-3AC-0-00748,,435,0.17,0,34.98,2.0.8
dfridberg@yoda.bsd.uchicago.edu,5/5/21 9:57,20-3AC-0-00748,,439,0.85,0,35.32,2.0.8
dfridberg@yoda.bsd.uchicago.edu,5/5/21 9:58,20-3AC-0-00748,,442,1.36,0,35.6,2.0.8
dfridberg@yoda.bsd.uchicago.edu,5/5/21 9:59,20-3AC-0-00748,,443,1.53,0.064,35.82,2.0.8
dfridberg@yoda.bsd.uchicago.edu,5/5/21 10:00,20-3AC-0-00748,,440,1.02,0.064,35.88,2.0.8
dfridberg@yoda.bsd.uchicago.edu,5/5/21 10:01,20-3AC-0-00748,,464,5.11,0,34.7,2.0.8
dfridberg@yoda.bsd.uchicago.edu,5/5/21 10:02,20-3AC-0-00748,,431,-0.51,0,34.7,2.0.8
dfridberg@yoda.bsd.uchicago.edu,5/5/21 10:03,20-3AC-0-00748,,423,-1.87,0,34.92,2.0.8
dfridberg@yoda.bsd.uchicago.edu,5/5/21 10:04,20-3AC-0-00748,,427,-1.19,0,35.09,2.0.8
dfridberg@yoda.bsd.uchicago.edu,5/5/21 10:05,20-3AC-0-00748,,431,-0.51,0.064,34.76,2.0.8
dfridberg@yoda.bsd.uchicago.edu,5/5/21 10:06,20-3AC-0-00748,,430,-0.68,0,34.47,2.0.8
dfridberg@yoda.bsd.uchicago.edu,5/5/21 10:07,20-3AC-0-00748,,428,-1.02,0,34.59,2.0.8
dfridberg@yoda.bsd.uchicago.edu,5/5/21 10:08,20-3AC-0-00748,,431,-0.51,0,34.64,2.0.8
dfridberg@yoda.bsd.uchicago.edu,5/5/21 10:09,20-3AC-0-00748,,414,-3.41,0.064,34.42,2.0.8
dfridberg@yoda.bsd.uchicago.edu,5/5/21 10:10,20-3AC-0-00748,,437,0.51,0,32.95,2.0.8
dfridberg@yoda.bsd.uchicago.edu,5/5/21 10:11,20-3AC-0-00748,,423,-1.87,0,31.15,2.0.8
dfridberg@yoda.bsd.uchicago.edu,5/5/21 10:12,20-3AC-0-00748,,427,-1.19,0,29.91,2.0.8
dfridberg@yoda.bsd.uchicago.edu,5/5/21 10:13,20-3AC-0-00748,,447,2.21,0,29.34,2.0.8
dfridberg@yoda.bsd.uchicago.edu,5/5/21 10:14,20-3AC-0-00748,,420,-2.39,0,30.42,2.0.8
dfridberg@yoda.bsd.uchicago.edu,5/5/21 10:15,20-3AC-0-00748,,408,-4.43,0.192,31.66,2.0.8
dfridberg@yoda.bsd.uchicago.edu,5/5/21 10:16,20-3AC-0-00748,,385,-8.35,0,30.81,2.0.8
dfridberg@yoda.bsd.uchicago.edu,5/5/21 10:17,20-3AC-0-00748,,428,-1.02,0.064,29.01,2.0.8
dfridberg@yoda.bsd.uchicago.edu,5/5/21 10:18,20-3AC-0-00748,,448,2.39,0,27.54,2.0.8
dfridberg@yoda.bsd.uchicago.edu,5/5/21 10:19,20-3AC-0-00748,,456,3.75,0,26.13,2.0.8
dfridberg@yoda.bsd.uchicago.edu,5/5/21 10:20,20-3AC-0-00748,,458,4.09,0,24.94,2.0.8
dfridberg@yoda.bsd.uchicago.edu,5/5/21 10:21,20-3AC-0-00748,,460,4.43,0.064,24.15,2.0.8
dfridberg@yoda.bsd.uchicago.edu,5/5/21 10:22,20-3AC-0-00748,,462,4.77,0.064,23.47,2.0.8
dfridberg@yoda.bsd.uchicago.edu,5/5/21 10:23,20-3AC-0-00748,,456,3.75,0.064,23.13,2.0.8
dfridberg@yoda.bsd.uchicago.edu,5/5/21 10:24,20-3AC-0-00748,,456,3.75,0,22.96,2.0.8
dfridberg@yoda.bsd.uchicago.edu,5/5/21 10:25,20-3AC-0-00748,,450,2.73,0.064,23.07,2.0.8
dfridberg@yoda.bsd.uchicago.edu,5/5/21 10:26,20-3AC-0-00748,,445,1.87,0.192,23.3,2.0.8
dfridberg@yoda.bsd.uchicago.edu,5/5/21 10:27,20-3AC-0-00748,,439,0.85,0.064,23.3,2.0.8
dfridberg@yoda.bsd.uchicago.edu,5/5/21 10:28,20-3AC-0-00748,,438,0.68,0.192,23.92,2.0.8
dfridberg@yoda.bsd.uchicago.edu,5/5/21 10:29,20-3AC-0-00748,,435,0.17,0.32,24.2,2.0.8
dfridberg@yoda.bsd.uchicago.edu,5/5/21 10:30,20-3AC-0-00748,,433,-0.17,0.256,23.92,2.0.8
dfridberg@yoda.bsd.uchicago.edu,5/5/21 10:31,20-3AC-0-00748,,432,-0.34,0.256,23.41,2.0.8
dfridberg@yoda.bsd.uchicago.edu,5/5/21 10:32,20-3AC-0-00748,,434,0,0,22.96,2.0.8
dfridberg@yoda.bsd.uchicago.edu,5/5/21 10:33,20-3AC-0-00748,,436,0.34,0,22.56,2.0.8
dfridberg@yoda.bsd.uchicago.edu,5/5/21 10:34,20-3AC-0-00748,,435,0.17,0.128,22.11,2.0.8
dfridberg@yoda.bsd.uchicago.edu,5/5/21 10:35,20-3AC-0-00748,,436,0.34,0.064,21.71,2.0.8
dfridberg@yoda.bsd.uchicago.edu,5/5/21 10:36,20-3AC-0-00748,,435,0.17,0.384,21.43,2.0.8
dfridberg@yoda.bsd.uchicago.edu,5/5/21 10:37,20-3AC-0-00748,,435,0.17,0.128,21.03,2.0.8
dfridberg@yoda.bsd.uchicago.edu,5/5/21 10:38,20-3AC-0-00748,,434,0,0.448,20.81,2.0.8
dfridberg@yoda.bsd.uchicago.edu,5/5/21 10:39,20-3AC-0-00748,,436,0.34,0.384,20.52,2.0.8
dfridberg@yoda.bsd.uchicago.edu,5/5/21 10:40,20-3AC-0-00748,,435,0.17,0.256,20.24,2.0.8
dfridberg@yoda.bsd.uchicago.edu,5/5/21 10:41,20-3AC-0-00748,,438,0.68,0.384,19.9,2.0.8
dfridberg@yoda.bsd.uchicago.edu,5/5/21 10:42,20-3AC-0-00748,,438,0.68,0.32,19.56,2.0.8
dfridberg@yoda.bsd.uchicago.edu,5/5/21 10:43,20-3AC-0-00748,,438,0.68,0.256,19.28,2.0.8
dfridberg@yoda.bsd.uchicago.edu,5/5/21 10:44,20-3AC-0-00748,,444,1.7,0.128,19.16,2.0.8
dfridberg@yoda.bsd.uchicago.edu,5/5/21 10:45,20-3AC-0-00748,,448,2.39,0,18.88,2.0.8
dfridberg@yoda.bsd.uchicago.edu,5/5/21 10:46,20-3AC-0-00748,,447,2.21,0,18.82,2.0.8
dfridberg@yoda.bsd.uchicago.edu,5/5/21 10:47,20-3AC-0-00748,,444,1.7,0,18.65,2.0.8
dfridberg@yoda.bsd.uchicago.edu,5/5/21 10:48,20-3AC-0-00748,,444,1.7,0.128,18.48,2.0.8
dfridberg@yoda.bsd.uchicago.edu,5/5/21 10:49,20-3AC-0-00748,,440,1.02,0.064,18.43,2.0.8
dfridberg@yoda.bsd.uchicago.edu,5/5/21 10:50,20-3AC-0-00748,,441,1.19,0,18.43,2.0.8
dfridberg@yoda.bsd.uchicago.edu,5/5/21 10:51,20-3AC-0-00748,,442,1.36,0,18.37,2.0.8
dfridberg@yoda.bsd.uchicago.edu,5/5/21 10:52,20-3AC-0-00748,,442,1.36,0,18.37,2.0.8
dfridberg@yoda.bsd.uchicago.edu,5/5/21 10:53,20-3AC-0-00748,,442,1.36,0,18.26,2.0.8
dfridberg@yoda.bsd.uchicago.edu,5/5/21 10:54,20-3AC-0-00748,,445,1.87,0,18.26,2.0.8
dfridberg@yoda.bsd.uchicago.edu,5/5/21 10:55,20-3AC-0-00748,,440,1.02,0,18.2,2.0.8
dfridberg@yoda.bsd.uchicago.edu,5/5/21 10:56,20-3AC-0-00748,,441,1.19,0,18.09,2.0.8
dfridberg@yoda.bsd.uchicago.edu,5/5/21 10:57,20-3AC-0-00748,,441,1.19,0,18.09,2.0.8
dfridberg@yoda.bsd.uchicago.edu,5/5/21 10:58,20-3AC-0-00748,,441,1.19,0,18.03,2.0.8
dfridberg@yoda.bsd.uchicago.edu,5/5/21 10:59,20-3AC-0-00748,,440,1.02,0,17.92,2.0.8
dfridberg@yoda.bsd.uchicago.edu,5/5/21 11:00,20-3AC-0-00748,,442,1.36,0,17.92,2.0.8
dfridberg@yoda.bsd.uchicago.edu,5/5/21 11:01,20-3AC-0-00748,,440,1.02,0.064,17.8,2.0.8
dfridberg@yoda.bsd.uchicago.edu,5/5/21 11:02,20-3AC-0-00748,,442,1.36,0.064,17.75,2.0.8
dfridberg@yoda.bsd.uchicago.edu,5/5/21 11:03,20-3AC-0-00748,,439,0.85,0,17.8,2.0.8
dfridberg@yoda.bsd.uchicago.edu,5/5/21 11:04,20-3AC-0-00748,,441,1.19,0,17.69,2.0.8
dfridberg@yoda.bsd.uchicago.edu,5/5/21 11:05,20-3AC-0-00748,,440,1.02,0,17.75,2.0.8